/global/cscratch1/sd/jialin/dayabay/ost1/dayabay-final.h5,autoencoded,0,5519791
/global/cscratch1/sd/jialin/dayabay/ost1/dayabay-final.h5,autoencoded,5519791,11039582
/global/cscratch1/sd/jialin/dayabay/ost1/dayabay-final.h5,autoencoded,11039582,16559373
/global/cscratch1/sd/jialin/dayabay/ost1/dayabay-final.h5,autoencoded,16559373,22079164
/global/cscratch1/sd/jialin/dayabay/ost1/dayabay-final.h5,autoencoded,22079164,27598955
/global/cscratch1/sd/jialin/dayabay/ost1/dayabay-final.h5,autoencoded,27598955,33118746
/global/cscratch1/sd/jialin/dayabay/ost1/dayabay-final.h5,autoencoded,33118746,38638537
/global/cscratch1/sd/jialin/dayabay/ost1/dayabay-final.h5,autoencoded,38638537,44158328
/global/cscratch1/sd/jialin/dayabay/ost1/dayabay-final.h5,autoencoded,44158328,49678119
/global/cscratch1/sd/jialin/dayabay/ost1/dayabay-final.h5,autoencoded,49678119,55197910
/global/cscratch1/sd/jialin/dayabay/ost1/dayabay-final.h5,autoencoded,55197910,60717701
/global/cscratch1/sd/jialin/dayabay/ost1/dayabay-final.h5,autoencoded,60717701,66237492
/global/cscratch1/sd/jialin/dayabay/ost1/dayabay-final.h5,autoencoded,66237492,71757283
/global/cscratch1/sd/jialin/dayabay/ost1/dayabay-final.h5,autoencoded,71757283,77277074
/global/cscratch1/sd/jialin/dayabay/ost1/dayabay-final.h5,autoencoded,77277074,82796865
/global/cscratch1/sd/jialin/dayabay/ost1/dayabay-final.h5,autoencoded,82796865,88316656
/global/cscratch1/sd/jialin/dayabay/ost1/dayabay-final.h5,autoencoded,88316656,93836447
/global/cscratch1/sd/jialin/dayabay/ost1/dayabay-final.h5,autoencoded,93836447,99356238
/global/cscratch1/sd/jialin/dayabay/ost1/dayabay-final.h5,autoencoded,99356238,104876029
/global/cscratch1/sd/jialin/dayabay/ost1/dayabay-final.h5,autoencoded,104876029,110395820
/global/cscratch1/sd/jialin/dayabay/ost1/dayabay-final.h5,autoencoded,110395820,115915611
/global/cscratch1/sd/jialin/dayabay/ost1/dayabay-final.h5,autoencoded,115915611,121435402
/global/cscratch1/sd/jialin/dayabay/ost1/dayabay-final.h5,autoencoded,121435402,126955193
/global/cscratch1/sd/jialin/dayabay/ost1/dayabay-final.h5,autoencoded,126955193,132474984
/global/cscratch1/sd/jialin/dayabay/ost1/dayabay-final.h5,autoencoded,132474984,137994775
/global/cscratch1/sd/jialin/dayabay/ost1/dayabay-final.h5,autoencoded,137994775,143514566
/global/cscratch1/sd/jialin/dayabay/ost1/dayabay-final.h5,autoencoded,143514566,149034357
/global/cscratch1/sd/jialin/dayabay/ost1/dayabay-final.h5,autoencoded,149034357,154554148
/global/cscratch1/sd/jialin/dayabay/ost1/dayabay-final.h5,autoencoded,154554148,160073939
/global/cscratch1/sd/jialin/dayabay/ost1/dayabay-final.h5,autoencoded,160073939,165593730
/global/cscratch1/sd/jialin/dayabay/ost1/dayabay-final.h5,autoencoded,165593730,171113521
/global/cscratch1/sd/jialin/dayabay/ost1/dayabay-final.h5,autoencoded,171113521,176633312
/global/cscratch1/sd/jialin/dayabay/ost1/dayabay-final.h5,autoencoded,176633312,182153103
/global/cscratch1/sd/jialin/dayabay/ost1/dayabay-final.h5,autoencoded,182153103,187672894
/global/cscratch1/sd/jialin/dayabay/ost1/dayabay-final.h5,autoencoded,187672894,193192685
/global/cscratch1/sd/jialin/dayabay/ost1/dayabay-final.h5,autoencoded,193192685,198712476
/global/cscratch1/sd/jialin/dayabay/ost1/dayabay-final.h5,autoencoded,198712476,204232267
/global/cscratch1/sd/jialin/dayabay/ost1/dayabay-final.h5,autoencoded,204232267,209752058
/global/cscratch1/sd/jialin/dayabay/ost1/dayabay-final.h5,autoencoded,209752058,215271849
/global/cscratch1/sd/jialin/dayabay/ost1/dayabay-final.h5,autoencoded,215271849,220791640
/global/cscratch1/sd/jialin/dayabay/ost1/dayabay-final.h5,autoencoded,220791640,226311431
/global/cscratch1/sd/jialin/dayabay/ost1/dayabay-final.h5,autoencoded,226311431,231831222
/global/cscratch1/sd/jialin/dayabay/ost1/dayabay-final.h5,autoencoded,231831222,237351013
/global/cscratch1/sd/jialin/dayabay/ost1/dayabay-final.h5,autoencoded,237351013,242870804
/global/cscratch1/sd/jialin/dayabay/ost1/dayabay-final.h5,autoencoded,242870804,248390595
/global/cscratch1/sd/jialin/dayabay/ost1/dayabay-final.h5,autoencoded,248390595,253910386
/global/cscratch1/sd/jialin/dayabay/ost1/dayabay-final.h5,autoencoded,253910386,259430177
/global/cscratch1/sd/jialin/dayabay/ost1/dayabay-final.h5,autoencoded,259430177,264949968
/global/cscratch1/sd/jialin/dayabay/ost1/dayabay-final.h5,autoencoded,264949968,270469759
/global/cscratch1/sd/jialin/dayabay/ost1/dayabay-final.h5,autoencoded,270469759,275989550
/global/cscratch1/sd/jialin/dayabay/ost1/dayabay-final.h5,autoencoded,275989550,281509341
/global/cscratch1/sd/jialin/dayabay/ost1/dayabay-final.h5,autoencoded,281509341,287029132
/global/cscratch1/sd/jialin/dayabay/ost1/dayabay-final.h5,autoencoded,287029132,292548923
/global/cscratch1/sd/jialin/dayabay/ost1/dayabay-final.h5,autoencoded,292548923,298068714
/global/cscratch1/sd/jialin/dayabay/ost1/dayabay-final.h5,autoencoded,298068714,303588505
/global/cscratch1/sd/jialin/dayabay/ost1/dayabay-final.h5,autoencoded,303588505,309108296
/global/cscratch1/sd/jialin/dayabay/ost1/dayabay-final.h5,autoencoded,309108296,314628087
/global/cscratch1/sd/jialin/dayabay/ost1/dayabay-final.h5,autoencoded,314628087,320147878
/global/cscratch1/sd/jialin/dayabay/ost1/dayabay-final.h5,autoencoded,320147878,325667669
/global/cscratch1/sd/jialin/dayabay/ost1/dayabay-final.h5,autoencoded,325667669,331187460
/global/cscratch1/sd/jialin/dayabay/ost1/dayabay-final.h5,autoencoded,331187460,336707251
/global/cscratch1/sd/jialin/dayabay/ost1/dayabay-final.h5,autoencoded,336707251,342227042
/global/cscratch1/sd/jialin/dayabay/ost1/dayabay-final.h5,autoencoded,342227042,347746833
/global/cscratch1/sd/jialin/dayabay/ost1/dayabay-final.h5,autoencoded,347746833,353266624
/global/cscratch1/sd/jialin/dayabay/ost1/dayabay-final.h5,autoencoded,353266624,358786415
/global/cscratch1/sd/jialin/dayabay/ost1/dayabay-final.h5,autoencoded,358786415,364306206
/global/cscratch1/sd/jialin/dayabay/ost1/dayabay-final.h5,autoencoded,364306206,369825997
/global/cscratch1/sd/jialin/dayabay/ost1/dayabay-final.h5,autoencoded,369825997,375345788
/global/cscratch1/sd/jialin/dayabay/ost1/dayabay-final.h5,autoencoded,375345788,380865579
/global/cscratch1/sd/jialin/dayabay/ost1/dayabay-final.h5,autoencoded,380865579,386385370
/global/cscratch1/sd/jialin/dayabay/ost1/dayabay-final.h5,autoencoded,386385370,391905161
/global/cscratch1/sd/jialin/dayabay/ost1/dayabay-final.h5,autoencoded,391905161,397424952
/global/cscratch1/sd/jialin/dayabay/ost1/dayabay-final.h5,autoencoded,397424952,402944743
/global/cscratch1/sd/jialin/dayabay/ost1/dayabay-final.h5,autoencoded,402944743,408464534
/global/cscratch1/sd/jialin/dayabay/ost1/dayabay-final.h5,autoencoded,408464534,413984325
/global/cscratch1/sd/jialin/dayabay/ost1/dayabay-final.h5,autoencoded,413984325,419504116
/global/cscratch1/sd/jialin/dayabay/ost1/dayabay-final.h5,autoencoded,419504116,425023907
/global/cscratch1/sd/jialin/dayabay/ost1/dayabay-final.h5,autoencoded,425023907,430543698
/global/cscratch1/sd/jialin/dayabay/ost1/dayabay-final.h5,autoencoded,430543698,436063489
/global/cscratch1/sd/jialin/dayabay/ost1/dayabay-final.h5,autoencoded,436063489,441583280
/global/cscratch1/sd/jialin/dayabay/ost1/dayabay-final.h5,autoencoded,441583280,447103071
/global/cscratch1/sd/jialin/dayabay/ost1/dayabay-final.h5,autoencoded,447103071,452622862
/global/cscratch1/sd/jialin/dayabay/ost1/dayabay-final.h5,autoencoded,452622862,458142653
/global/cscratch1/sd/jialin/dayabay/ost1/dayabay-final.h5,autoencoded,458142653,463662444
/global/cscratch1/sd/jialin/dayabay/ost1/dayabay-final.h5,autoencoded,463662444,469182235
/global/cscratch1/sd/jialin/dayabay/ost1/dayabay-final.h5,autoencoded,469182235,474702026
/global/cscratch1/sd/jialin/dayabay/ost1/dayabay-final.h5,autoencoded,474702026,480221817
/global/cscratch1/sd/jialin/dayabay/ost1/dayabay-final.h5,autoencoded,480221817,485741608
/global/cscratch1/sd/jialin/dayabay/ost1/dayabay-final.h5,autoencoded,485741608,491261399
/global/cscratch1/sd/jialin/dayabay/ost1/dayabay-final.h5,autoencoded,491261399,496781190
/global/cscratch1/sd/jialin/dayabay/ost1/dayabay-final.h5,autoencoded,496781190,502300981
/global/cscratch1/sd/jialin/dayabay/ost1/dayabay-final.h5,autoencoded,502300981,507820772
/global/cscratch1/sd/jialin/dayabay/ost1/dayabay-final.h5,autoencoded,507820772,513340563
/global/cscratch1/sd/jialin/dayabay/ost1/dayabay-final.h5,autoencoded,513340563,518860354
/global/cscratch1/sd/jialin/dayabay/ost1/dayabay-final.h5,autoencoded,518860354,524380145
/global/cscratch1/sd/jialin/dayabay/ost1/dayabay-final.h5,autoencoded,524380145,529899936
/global/cscratch1/sd/jialin/dayabay/ost1/dayabay-final.h5,autoencoded,529899936,535419727
/global/cscratch1/sd/jialin/dayabay/ost1/dayabay-final.h5,autoencoded,535419727,540939518
/global/cscratch1/sd/jialin/dayabay/ost1/dayabay-final.h5,autoencoded,540939518,546459309
/global/cscratch1/sd/jialin/dayabay/ost1/dayabay-final.h5,autoencoded,546459309,551979100
/global/cscratch1/sd/jialin/dayabay/ost1/dayabay-final.h5,autoencoded,551979100,557498891
/global/cscratch1/sd/jialin/dayabay/ost1/dayabay-final.h5,autoencoded,557498891,563018682
/global/cscratch1/sd/jialin/dayabay/ost1/dayabay-final.h5,autoencoded,563018682,568538473
/global/cscratch1/sd/jialin/dayabay/ost1/dayabay-final.h5,autoencoded,568538473,574058264
/global/cscratch1/sd/jialin/dayabay/ost1/dayabay-final.h5,autoencoded,574058264,579578055
/global/cscratch1/sd/jialin/dayabay/ost1/dayabay-final.h5,autoencoded,579578055,585097846
/global/cscratch1/sd/jialin/dayabay/ost1/dayabay-final.h5,autoencoded,585097846,590617637
/global/cscratch1/sd/jialin/dayabay/ost1/dayabay-final.h5,autoencoded,590617637,596137428
/global/cscratch1/sd/jialin/dayabay/ost1/dayabay-final.h5,autoencoded,596137428,601657219
/global/cscratch1/sd/jialin/dayabay/ost1/dayabay-final.h5,autoencoded,601657219,607177010
/global/cscratch1/sd/jialin/dayabay/ost1/dayabay-final.h5,autoencoded,607177010,612696801
/global/cscratch1/sd/jialin/dayabay/ost1/dayabay-final.h5,autoencoded,612696801,618216592
/global/cscratch1/sd/jialin/dayabay/ost1/dayabay-final.h5,autoencoded,618216592,623736383
/global/cscratch1/sd/jialin/dayabay/ost1/dayabay-final.h5,autoencoded,623736383,629256174
/global/cscratch1/sd/jialin/dayabay/ost1/dayabay-final.h5,autoencoded,629256174,634775965
/global/cscratch1/sd/jialin/dayabay/ost1/dayabay-final.h5,autoencoded,634775965,640295756
/global/cscratch1/sd/jialin/dayabay/ost1/dayabay-final.h5,autoencoded,640295756,645815547
/global/cscratch1/sd/jialin/dayabay/ost1/dayabay-final.h5,autoencoded,645815547,651335338
/global/cscratch1/sd/jialin/dayabay/ost1/dayabay-final.h5,autoencoded,651335338,656855129
/global/cscratch1/sd/jialin/dayabay/ost1/dayabay-final.h5,autoencoded,656855129,662374920
/global/cscratch1/sd/jialin/dayabay/ost1/dayabay-final.h5,autoencoded,662374920,667894711
/global/cscratch1/sd/jialin/dayabay/ost1/dayabay-final.h5,autoencoded,667894711,673414502
/global/cscratch1/sd/jialin/dayabay/ost1/dayabay-final.h5,autoencoded,673414502,678934293
/global/cscratch1/sd/jialin/dayabay/ost1/dayabay-final.h5,autoencoded,678934293,684454084
/global/cscratch1/sd/jialin/dayabay/ost1/dayabay-final.h5,autoencoded,684454084,689973875
/global/cscratch1/sd/jialin/dayabay/ost1/dayabay-final.h5,autoencoded,689973875,695493666
/global/cscratch1/sd/jialin/dayabay/ost1/dayabay-final.h5,autoencoded,695493666,701013457
/global/cscratch1/sd/jialin/dayabay/ost1/dayabay-final.h5,autoencoded,701013457,706533248
/global/cscratch1/sd/jialin/dayabay/ost1/dayabay-final.h5,autoencoded,706533248,712053039
/global/cscratch1/sd/jialin/dayabay/ost1/dayabay-final.h5,autoencoded,712053039,717572830
/global/cscratch1/sd/jialin/dayabay/ost1/dayabay-final.h5,autoencoded,717572830,723092621
/global/cscratch1/sd/jialin/dayabay/ost1/dayabay-final.h5,autoencoded,723092621,728612412
/global/cscratch1/sd/jialin/dayabay/ost1/dayabay-final.h5,autoencoded,728612412,734132203
/global/cscratch1/sd/jialin/dayabay/ost1/dayabay-final.h5,autoencoded,734132203,739651994
/global/cscratch1/sd/jialin/dayabay/ost1/dayabay-final.h5,autoencoded,739651994,745171785
/global/cscratch1/sd/jialin/dayabay/ost1/dayabay-final.h5,autoencoded,745171785,750691576
/global/cscratch1/sd/jialin/dayabay/ost1/dayabay-final.h5,autoencoded,750691576,756211367
/global/cscratch1/sd/jialin/dayabay/ost1/dayabay-final.h5,autoencoded,756211367,761731158
/global/cscratch1/sd/jialin/dayabay/ost1/dayabay-final.h5,autoencoded,761731158,767250949
/global/cscratch1/sd/jialin/dayabay/ost1/dayabay-final.h5,autoencoded,767250949,772770740
/global/cscratch1/sd/jialin/dayabay/ost1/dayabay-final.h5,autoencoded,772770740,778290531
/global/cscratch1/sd/jialin/dayabay/ost1/dayabay-final.h5,autoencoded,778290531,783810322
/global/cscratch1/sd/jialin/dayabay/ost1/dayabay-final.h5,autoencoded,783810322,789330113
/global/cscratch1/sd/jialin/dayabay/ost1/dayabay-final.h5,autoencoded,789330113,794849904
/global/cscratch1/sd/jialin/dayabay/ost1/dayabay-final.h5,autoencoded,794849904,800369695
/global/cscratch1/sd/jialin/dayabay/ost1/dayabay-final.h5,autoencoded,800369695,805889486
/global/cscratch1/sd/jialin/dayabay/ost1/dayabay-final.h5,autoencoded,805889486,811409277
/global/cscratch1/sd/jialin/dayabay/ost1/dayabay-final.h5,autoencoded,811409277,816929068
/global/cscratch1/sd/jialin/dayabay/ost1/dayabay-final.h5,autoencoded,816929068,822448859
/global/cscratch1/sd/jialin/dayabay/ost1/dayabay-final.h5,autoencoded,822448859,827968650
/global/cscratch1/sd/jialin/dayabay/ost1/dayabay-final.h5,autoencoded,827968650,833488441
/global/cscratch1/sd/jialin/dayabay/ost1/dayabay-final.h5,autoencoded,833488441,839008232
/global/cscratch1/sd/jialin/dayabay/ost1/dayabay-final.h5,autoencoded,839008232,844528023
/global/cscratch1/sd/jialin/dayabay/ost1/dayabay-final.h5,autoencoded,844528023,850047814
/global/cscratch1/sd/jialin/dayabay/ost1/dayabay-final.h5,autoencoded,850047814,855567605
/global/cscratch1/sd/jialin/dayabay/ost1/dayabay-final.h5,autoencoded,855567605,861087396
/global/cscratch1/sd/jialin/dayabay/ost1/dayabay-final.h5,autoencoded,861087396,866607187
/global/cscratch1/sd/jialin/dayabay/ost1/dayabay-final.h5,autoencoded,866607187,872126978
/global/cscratch1/sd/jialin/dayabay/ost1/dayabay-final.h5,autoencoded,872126978,877646769
/global/cscratch1/sd/jialin/dayabay/ost1/dayabay-final.h5,autoencoded,877646769,883166560
/global/cscratch1/sd/jialin/dayabay/ost1/dayabay-final.h5,autoencoded,883166560,888686351
/global/cscratch1/sd/jialin/dayabay/ost1/dayabay-final.h5,autoencoded,888686351,894206142
/global/cscratch1/sd/jialin/dayabay/ost1/dayabay-final.h5,autoencoded,894206142,899725933
/global/cscratch1/sd/jialin/dayabay/ost1/dayabay-final.h5,autoencoded,899725933,905245724
/global/cscratch1/sd/jialin/dayabay/ost1/dayabay-final.h5,autoencoded,905245724,910765515
/global/cscratch1/sd/jialin/dayabay/ost1/dayabay-final.h5,autoencoded,910765515,916285306
/global/cscratch1/sd/jialin/dayabay/ost1/dayabay-final.h5,autoencoded,916285306,921805097
/global/cscratch1/sd/jialin/dayabay/ost1/dayabay-final.h5,autoencoded,921805097,927324888
/global/cscratch1/sd/jialin/dayabay/ost1/dayabay-final.h5,autoencoded,927324888,932844679
/global/cscratch1/sd/jialin/dayabay/ost1/dayabay-final.h5,autoencoded,932844679,938364470
/global/cscratch1/sd/jialin/dayabay/ost1/dayabay-final.h5,autoencoded,938364470,943884261
/global/cscratch1/sd/jialin/dayabay/ost1/dayabay-final.h5,autoencoded,943884261,949404052
/global/cscratch1/sd/jialin/dayabay/ost1/dayabay-final.h5,autoencoded,949404052,954923843
/global/cscratch1/sd/jialin/dayabay/ost1/dayabay-final.h5,autoencoded,954923843,960443634
/global/cscratch1/sd/jialin/dayabay/ost1/dayabay-final.h5,autoencoded,960443634,965963425
/global/cscratch1/sd/jialin/dayabay/ost1/dayabay-final.h5,autoencoded,965963425,971483216
/global/cscratch1/sd/jialin/dayabay/ost1/dayabay-final.h5,autoencoded,971483216,977003007
/global/cscratch1/sd/jialin/dayabay/ost1/dayabay-final.h5,autoencoded,977003007,982522798
/global/cscratch1/sd/jialin/dayabay/ost1/dayabay-final.h5,autoencoded,982522798,988042589
/global/cscratch1/sd/jialin/dayabay/ost1/dayabay-final.h5,autoencoded,988042589,993562380
/global/cscratch1/sd/jialin/dayabay/ost1/dayabay-final.h5,autoencoded,993562380,999082171
/global/cscratch1/sd/jialin/dayabay/ost1/dayabay-final.h5,autoencoded,999082171,1004601962
/global/cscratch1/sd/jialin/dayabay/ost1/dayabay-final.h5,autoencoded,1004601962,1010121753
/global/cscratch1/sd/jialin/dayabay/ost1/dayabay-final.h5,autoencoded,1010121753,1015641544
/global/cscratch1/sd/jialin/dayabay/ost1/dayabay-final.h5,autoencoded,1015641544,1021161335
/global/cscratch1/sd/jialin/dayabay/ost1/dayabay-final.h5,autoencoded,1021161335,1026681126
/global/cscratch1/sd/jialin/dayabay/ost1/dayabay-final.h5,autoencoded,1026681126,1032200917
/global/cscratch1/sd/jialin/dayabay/ost1/dayabay-final.h5,autoencoded,1032200917,1037720708
/global/cscratch1/sd/jialin/dayabay/ost1/dayabay-final.h5,autoencoded,1037720708,1043240499
/global/cscratch1/sd/jialin/dayabay/ost1/dayabay-final.h5,autoencoded,1043240499,1048760290
/global/cscratch1/sd/jialin/dayabay/ost1/dayabay-final.h5,autoencoded,1048760290,1054280081
/global/cscratch1/sd/jialin/dayabay/ost1/dayabay-final.h5,autoencoded,1054280081,1059799872
/global/cscratch1/sd/jialin/dayabay/ost1/dayabay-final.h5,autoencoded,1059799872,1065319663
/global/cscratch1/sd/jialin/dayabay/ost1/dayabay-final.h5,autoencoded,1065319663,1070839454
/global/cscratch1/sd/jialin/dayabay/ost1/dayabay-final.h5,autoencoded,1070839454,1076359245
/global/cscratch1/sd/jialin/dayabay/ost1/dayabay-final.h5,autoencoded,1076359245,1081879036
/global/cscratch1/sd/jialin/dayabay/ost1/dayabay-final.h5,autoencoded,1081879036,1087398827
/global/cscratch1/sd/jialin/dayabay/ost1/dayabay-final.h5,autoencoded,1087398827,1092918618
/global/cscratch1/sd/jialin/dayabay/ost1/dayabay-final.h5,autoencoded,1092918618,1098438409
/global/cscratch1/sd/jialin/dayabay/ost1/dayabay-final.h5,autoencoded,1098438409,1103958200
/global/cscratch1/sd/jialin/dayabay/ost1/dayabay-final.h5,autoencoded,1103958200,1109477991
/global/cscratch1/sd/jialin/dayabay/ost1/dayabay-final.h5,autoencoded,1109477991,1114997782
/global/cscratch1/sd/jialin/dayabay/ost1/dayabay-final.h5,autoencoded,1114997782,1120517573
/global/cscratch1/sd/jialin/dayabay/ost1/dayabay-final.h5,autoencoded,1120517573,1126037364
/global/cscratch1/sd/jialin/dayabay/ost1/dayabay-final.h5,autoencoded,1126037364,1131557155
/global/cscratch1/sd/jialin/dayabay/ost1/dayabay-final.h5,autoencoded,1131557155,1137076946
/global/cscratch1/sd/jialin/dayabay/ost1/dayabay-final.h5,autoencoded,1137076946,1142596737
/global/cscratch1/sd/jialin/dayabay/ost1/dayabay-final.h5,autoencoded,1142596737,1148116528
/global/cscratch1/sd/jialin/dayabay/ost1/dayabay-final.h5,autoencoded,1148116528,1153636319
/global/cscratch1/sd/jialin/dayabay/ost1/dayabay-final.h5,autoencoded,1153636319,1159156110
/global/cscratch1/sd/jialin/dayabay/ost1/dayabay-final.h5,autoencoded,1159156110,1164675901
/global/cscratch1/sd/jialin/dayabay/ost1/dayabay-final.h5,autoencoded,1164675901,1170195692
/global/cscratch1/sd/jialin/dayabay/ost1/dayabay-final.h5,autoencoded,1170195692,1175715483
/global/cscratch1/sd/jialin/dayabay/ost1/dayabay-final.h5,autoencoded,1175715483,1181235274
/global/cscratch1/sd/jialin/dayabay/ost1/dayabay-final.h5,autoencoded,1181235274,1186755065
/global/cscratch1/sd/jialin/dayabay/ost1/dayabay-final.h5,autoencoded,1186755065,1192274856
/global/cscratch1/sd/jialin/dayabay/ost1/dayabay-final.h5,autoencoded,1192274856,1197794647
/global/cscratch1/sd/jialin/dayabay/ost1/dayabay-final.h5,autoencoded,1197794647,1203314438
/global/cscratch1/sd/jialin/dayabay/ost1/dayabay-final.h5,autoencoded,1203314438,1208834229
/global/cscratch1/sd/jialin/dayabay/ost1/dayabay-final.h5,autoencoded,1208834229,1214354020
/global/cscratch1/sd/jialin/dayabay/ost1/dayabay-final.h5,autoencoded,1214354020,1219873811
/global/cscratch1/sd/jialin/dayabay/ost1/dayabay-final.h5,autoencoded,1219873811,1225393602
/global/cscratch1/sd/jialin/dayabay/ost1/dayabay-final.h5,autoencoded,1225393602,1230913393
/global/cscratch1/sd/jialin/dayabay/ost1/dayabay-final.h5,autoencoded,1230913393,1236433184
/global/cscratch1/sd/jialin/dayabay/ost1/dayabay-final.h5,autoencoded,1236433184,1241952975
/global/cscratch1/sd/jialin/dayabay/ost1/dayabay-final.h5,autoencoded,1241952975,1247472766
/global/cscratch1/sd/jialin/dayabay/ost1/dayabay-final.h5,autoencoded,1247472766,1252992557
/global/cscratch1/sd/jialin/dayabay/ost1/dayabay-final.h5,autoencoded,1252992557,1258512348
/global/cscratch1/sd/jialin/dayabay/ost1/dayabay-final.h5,autoencoded,1258512348,1264032139
/global/cscratch1/sd/jialin/dayabay/ost1/dayabay-final.h5,autoencoded,1264032139,1269551930
/global/cscratch1/sd/jialin/dayabay/ost1/dayabay-final.h5,autoencoded,1269551930,1275071721
/global/cscratch1/sd/jialin/dayabay/ost1/dayabay-final.h5,autoencoded,1275071721,1280591512
/global/cscratch1/sd/jialin/dayabay/ost1/dayabay-final.h5,autoencoded,1280591512,1286111303
/global/cscratch1/sd/jialin/dayabay/ost1/dayabay-final.h5,autoencoded,1286111303,1291631094
/global/cscratch1/sd/jialin/dayabay/ost1/dayabay-final.h5,autoencoded,1291631094,1297150885
/global/cscratch1/sd/jialin/dayabay/ost1/dayabay-final.h5,autoencoded,1297150885,1302670676
/global/cscratch1/sd/jialin/dayabay/ost1/dayabay-final.h5,autoencoded,1302670676,1308190467
/global/cscratch1/sd/jialin/dayabay/ost1/dayabay-final.h5,autoencoded,1308190467,1313710258
/global/cscratch1/sd/jialin/dayabay/ost1/dayabay-final.h5,autoencoded,1313710258,1319230049
/global/cscratch1/sd/jialin/dayabay/ost1/dayabay-final.h5,autoencoded,1319230049,1324749840
/global/cscratch1/sd/jialin/dayabay/ost1/dayabay-final.h5,autoencoded,1324749840,1330269631
/global/cscratch1/sd/jialin/dayabay/ost1/dayabay-final.h5,autoencoded,1330269631,1335789422
/global/cscratch1/sd/jialin/dayabay/ost1/dayabay-final.h5,autoencoded,1335789422,1341309213
/global/cscratch1/sd/jialin/dayabay/ost1/dayabay-final.h5,autoencoded,1341309213,1346829004
/global/cscratch1/sd/jialin/dayabay/ost1/dayabay-final.h5,autoencoded,1346829004,1352348795
/global/cscratch1/sd/jialin/dayabay/ost1/dayabay-final.h5,autoencoded,1352348795,1357868586
/global/cscratch1/sd/jialin/dayabay/ost1/dayabay-final.h5,autoencoded,1357868586,1363388377
/global/cscratch1/sd/jialin/dayabay/ost1/dayabay-final.h5,autoencoded,1363388377,1368908168
/global/cscratch1/sd/jialin/dayabay/ost1/dayabay-final.h5,autoencoded,1368908168,1374427959
/global/cscratch1/sd/jialin/dayabay/ost1/dayabay-final.h5,autoencoded,1374427959,1379947750
/global/cscratch1/sd/jialin/dayabay/ost1/dayabay-final.h5,autoencoded,1379947750,1385467541
/global/cscratch1/sd/jialin/dayabay/ost1/dayabay-final.h5,autoencoded,1385467541,1390987332
/global/cscratch1/sd/jialin/dayabay/ost1/dayabay-final.h5,autoencoded,1390987332,1396507123
/global/cscratch1/sd/jialin/dayabay/ost1/dayabay-final.h5,autoencoded,1396507123,1402026914
/global/cscratch1/sd/jialin/dayabay/ost1/dayabay-final.h5,autoencoded,1402026914,1407546705
/global/cscratch1/sd/jialin/dayabay/ost1/dayabay-final.h5,autoencoded,1407546705,1413066496
/global/cscratch1/sd/jialin/dayabay/ost1/dayabay-final.h5,autoencoded,1413066496,1418586287
/global/cscratch1/sd/jialin/dayabay/ost1/dayabay-final.h5,autoencoded,1418586287,1424106078
/global/cscratch1/sd/jialin/dayabay/ost1/dayabay-final.h5,autoencoded,1424106078,1429625869
/global/cscratch1/sd/jialin/dayabay/ost1/dayabay-final.h5,autoencoded,1429625869,1435145660
/global/cscratch1/sd/jialin/dayabay/ost1/dayabay-final.h5,autoencoded,1435145660,1440665451
/global/cscratch1/sd/jialin/dayabay/ost1/dayabay-final.h5,autoencoded,1440665451,1446185242
/global/cscratch1/sd/jialin/dayabay/ost1/dayabay-final.h5,autoencoded,1446185242,1451705033
/global/cscratch1/sd/jialin/dayabay/ost1/dayabay-final.h5,autoencoded,1451705033,1457224824
/global/cscratch1/sd/jialin/dayabay/ost1/dayabay-final.h5,autoencoded,1457224824,1462744615
/global/cscratch1/sd/jialin/dayabay/ost1/dayabay-final.h5,autoencoded,1462744615,1468264406
/global/cscratch1/sd/jialin/dayabay/ost1/dayabay-final.h5,autoencoded,1468264406,1473784197
/global/cscratch1/sd/jialin/dayabay/ost1/dayabay-final.h5,autoencoded,1473784197,1479303988
/global/cscratch1/sd/jialin/dayabay/ost1/dayabay-final.h5,autoencoded,1479303988,1484823779
/global/cscratch1/sd/jialin/dayabay/ost1/dayabay-final.h5,autoencoded,1484823779,1490343570
/global/cscratch1/sd/jialin/dayabay/ost1/dayabay-final.h5,autoencoded,1490343570,1495863361
/global/cscratch1/sd/jialin/dayabay/ost1/dayabay-final.h5,autoencoded,1495863361,1501383152
/global/cscratch1/sd/jialin/dayabay/ost1/dayabay-final.h5,autoencoded,1501383152,1506902943
/global/cscratch1/sd/jialin/dayabay/ost1/dayabay-final.h5,autoencoded,1506902943,1512422734
/global/cscratch1/sd/jialin/dayabay/ost1/dayabay-final.h5,autoencoded,1512422734,1517942525
/global/cscratch1/sd/jialin/dayabay/ost1/dayabay-final.h5,autoencoded,1517942525,1523462316
/global/cscratch1/sd/jialin/dayabay/ost1/dayabay-final.h5,autoencoded,1523462316,1528982107
/global/cscratch1/sd/jialin/dayabay/ost1/dayabay-final.h5,autoencoded,1528982107,1534501898
/global/cscratch1/sd/jialin/dayabay/ost1/dayabay-final.h5,autoencoded,1534501898,1540021689
/global/cscratch1/sd/jialin/dayabay/ost1/dayabay-final.h5,autoencoded,1540021689,1545541480
/global/cscratch1/sd/jialin/dayabay/ost1/dayabay-final.h5,autoencoded,1545541480,1551061271
/global/cscratch1/sd/jialin/dayabay/ost1/dayabay-final.h5,autoencoded,1551061271,1556581062
/global/cscratch1/sd/jialin/dayabay/ost1/dayabay-final.h5,autoencoded,1556581062,1562100853
/global/cscratch1/sd/jialin/dayabay/ost1/dayabay-final.h5,autoencoded,1562100853,1567620644
/global/cscratch1/sd/jialin/dayabay/ost1/dayabay-final.h5,autoencoded,1567620644,1573140435
/global/cscratch1/sd/jialin/dayabay/ost1/dayabay-final.h5,autoencoded,1573140435,1578660226
/global/cscratch1/sd/jialin/dayabay/ost1/dayabay-final.h5,autoencoded,1578660226,1584180017
/global/cscratch1/sd/jialin/dayabay/ost1/dayabay-final.h5,autoencoded,1584180017,1589699808
/global/cscratch1/sd/jialin/dayabay/ost1/dayabay-final.h5,autoencoded,1589699808,1595219599
/global/cscratch1/sd/jialin/dayabay/ost1/dayabay-final.h5,autoencoded,1595219599,1600739390
/global/cscratch1/sd/jialin/dayabay/ost1/dayabay-final.h5,autoencoded,1600739390,1606259181
/global/cscratch1/sd/jialin/dayabay/ost1/dayabay-final.h5,autoencoded,1606259181,1611778972
/global/cscratch1/sd/jialin/dayabay/ost1/dayabay-final.h5,autoencoded,1611778972,1617298763
/global/cscratch1/sd/jialin/dayabay/ost1/dayabay-final.h5,autoencoded,1617298763,1622818554
/global/cscratch1/sd/jialin/dayabay/ost1/dayabay-final.h5,autoencoded,1622818554,1628338345
/global/cscratch1/sd/jialin/dayabay/ost1/dayabay-final.h5,autoencoded,1628338345,1633858136
/global/cscratch1/sd/jialin/dayabay/ost1/dayabay-final.h5,autoencoded,1633858136,1639377927
/global/cscratch1/sd/jialin/dayabay/ost1/dayabay-final.h5,autoencoded,1639377927,1644897718
/global/cscratch1/sd/jialin/dayabay/ost1/dayabay-final.h5,autoencoded,1644897718,1650417509
/global/cscratch1/sd/jialin/dayabay/ost1/dayabay-final.h5,autoencoded,1650417509,1655937300
/global/cscratch1/sd/jialin/dayabay/ost1/dayabay-final.h5,autoencoded,1655937300,1661457091
/global/cscratch1/sd/jialin/dayabay/ost1/dayabay-final.h5,autoencoded,1661457091,1666976882
/global/cscratch1/sd/jialin/dayabay/ost1/dayabay-final.h5,autoencoded,1666976882,1672496673
/global/cscratch1/sd/jialin/dayabay/ost1/dayabay-final.h5,autoencoded,1672496673,1678016464
/global/cscratch1/sd/jialin/dayabay/ost1/dayabay-final.h5,autoencoded,1678016464,1683536255
/global/cscratch1/sd/jialin/dayabay/ost1/dayabay-final.h5,autoencoded,1683536255,1689056046
/global/cscratch1/sd/jialin/dayabay/ost1/dayabay-final.h5,autoencoded,1689056046,1694575837
/global/cscratch1/sd/jialin/dayabay/ost1/dayabay-final.h5,autoencoded,1694575837,1700095628
/global/cscratch1/sd/jialin/dayabay/ost1/dayabay-final.h5,autoencoded,1700095628,1705615419
/global/cscratch1/sd/jialin/dayabay/ost1/dayabay-final.h5,autoencoded,1705615419,1711135210
/global/cscratch1/sd/jialin/dayabay/ost1/dayabay-final.h5,autoencoded,1711135210,1716655001
/global/cscratch1/sd/jialin/dayabay/ost1/dayabay-final.h5,autoencoded,1716655001,1722174792
/global/cscratch1/sd/jialin/dayabay/ost1/dayabay-final.h5,autoencoded,1722174792,1727694583
/global/cscratch1/sd/jialin/dayabay/ost1/dayabay-final.h5,autoencoded,1727694583,1733214374
/global/cscratch1/sd/jialin/dayabay/ost1/dayabay-final.h5,autoencoded,1733214374,1738734165
/global/cscratch1/sd/jialin/dayabay/ost1/dayabay-final.h5,autoencoded,1738734165,1744253956
/global/cscratch1/sd/jialin/dayabay/ost1/dayabay-final.h5,autoencoded,1744253956,1749773747
/global/cscratch1/sd/jialin/dayabay/ost1/dayabay-final.h5,autoencoded,1749773747,1755293538
/global/cscratch1/sd/jialin/dayabay/ost1/dayabay-final.h5,autoencoded,1755293538,1760813329
/global/cscratch1/sd/jialin/dayabay/ost1/dayabay-final.h5,autoencoded,1760813329,1766333120
/global/cscratch1/sd/jialin/dayabay/ost1/dayabay-final.h5,autoencoded,1766333120,1771852911
/global/cscratch1/sd/jialin/dayabay/ost1/dayabay-final.h5,autoencoded,1771852911,1777372702
/global/cscratch1/sd/jialin/dayabay/ost1/dayabay-final.h5,autoencoded,1777372702,1782892493
/global/cscratch1/sd/jialin/dayabay/ost1/dayabay-final.h5,autoencoded,1782892493,1788412284
/global/cscratch1/sd/jialin/dayabay/ost1/dayabay-final.h5,autoencoded,1788412284,1793932075
/global/cscratch1/sd/jialin/dayabay/ost1/dayabay-final.h5,autoencoded,1793932075,1799451866
/global/cscratch1/sd/jialin/dayabay/ost1/dayabay-final.h5,autoencoded,1799451866,1804971657
/global/cscratch1/sd/jialin/dayabay/ost1/dayabay-final.h5,autoencoded,1804971657,1810491448
/global/cscratch1/sd/jialin/dayabay/ost1/dayabay-final.h5,autoencoded,1810491448,1816011239
/global/cscratch1/sd/jialin/dayabay/ost1/dayabay-final.h5,autoencoded,1816011239,1821531030
/global/cscratch1/sd/jialin/dayabay/ost1/dayabay-final.h5,autoencoded,1821531030,1827050821
/global/cscratch1/sd/jialin/dayabay/ost1/dayabay-final.h5,autoencoded,1827050821,1832570612
/global/cscratch1/sd/jialin/dayabay/ost1/dayabay-final.h5,autoencoded,1832570612,1838090403
/global/cscratch1/sd/jialin/dayabay/ost1/dayabay-final.h5,autoencoded,1838090403,1843610194
/global/cscratch1/sd/jialin/dayabay/ost1/dayabay-final.h5,autoencoded,1843610194,1849129985
/global/cscratch1/sd/jialin/dayabay/ost1/dayabay-final.h5,autoencoded,1849129985,1854649776
/global/cscratch1/sd/jialin/dayabay/ost1/dayabay-final.h5,autoencoded,1854649776,1860169567
/global/cscratch1/sd/jialin/dayabay/ost1/dayabay-final.h5,autoencoded,1860169567,1865689358
/global/cscratch1/sd/jialin/dayabay/ost1/dayabay-final.h5,autoencoded,1865689358,1871209149
/global/cscratch1/sd/jialin/dayabay/ost1/dayabay-final.h5,autoencoded,1871209149,1876728940
/global/cscratch1/sd/jialin/dayabay/ost1/dayabay-final.h5,autoencoded,1876728940,1882248731
/global/cscratch1/sd/jialin/dayabay/ost1/dayabay-final.h5,autoencoded,1882248731,1887768522
/global/cscratch1/sd/jialin/dayabay/ost1/dayabay-final.h5,autoencoded,1887768522,1893288313
/global/cscratch1/sd/jialin/dayabay/ost1/dayabay-final.h5,autoencoded,1893288313,1898808104
/global/cscratch1/sd/jialin/dayabay/ost1/dayabay-final.h5,autoencoded,1898808104,1904327895
/global/cscratch1/sd/jialin/dayabay/ost1/dayabay-final.h5,autoencoded,1904327895,1909847686
/global/cscratch1/sd/jialin/dayabay/ost1/dayabay-final.h5,autoencoded,1909847686,1915367477
/global/cscratch1/sd/jialin/dayabay/ost1/dayabay-final.h5,autoencoded,1915367477,1920887268
/global/cscratch1/sd/jialin/dayabay/ost1/dayabay-final.h5,autoencoded,1920887268,1926407059
/global/cscratch1/sd/jialin/dayabay/ost1/dayabay-final.h5,autoencoded,1926407059,1931926850
/global/cscratch1/sd/jialin/dayabay/ost1/dayabay-final.h5,autoencoded,1931926850,1937446641
/global/cscratch1/sd/jialin/dayabay/ost1/dayabay-final.h5,autoencoded,1937446641,1942966432
/global/cscratch1/sd/jialin/dayabay/ost1/dayabay-final.h5,autoencoded,1942966432,1948486223
/global/cscratch1/sd/jialin/dayabay/ost1/dayabay-final.h5,autoencoded,1948486223,1954006014
/global/cscratch1/sd/jialin/dayabay/ost1/dayabay-final.h5,autoencoded,1954006014,1959525805
/global/cscratch1/sd/jialin/dayabay/ost1/dayabay-final.h5,autoencoded,1959525805,1965045596
/global/cscratch1/sd/jialin/dayabay/ost1/dayabay-final.h5,autoencoded,1965045596,1970565387
/global/cscratch1/sd/jialin/dayabay/ost1/dayabay-final.h5,autoencoded,1970565387,1976085178
/global/cscratch1/sd/jialin/dayabay/ost1/dayabay-final.h5,autoencoded,1976085178,1981604969
/global/cscratch1/sd/jialin/dayabay/ost1/dayabay-final.h5,autoencoded,1981604969,1987124760
/global/cscratch1/sd/jialin/dayabay/ost1/dayabay-final.h5,autoencoded,1987124760,1992644551
/global/cscratch1/sd/jialin/dayabay/ost1/dayabay-final.h5,autoencoded,1992644551,1998164342
/global/cscratch1/sd/jialin/dayabay/ost1/dayabay-final.h5,autoencoded,1998164342,2003684133
/global/cscratch1/sd/jialin/dayabay/ost1/dayabay-final.h5,autoencoded,2003684133,2009203924
/global/cscratch1/sd/jialin/dayabay/ost1/dayabay-final.h5,autoencoded,2009203924,2014723715
/global/cscratch1/sd/jialin/dayabay/ost1/dayabay-final.h5,autoencoded,2014723715,2020243506
/global/cscratch1/sd/jialin/dayabay/ost1/dayabay-final.h5,autoencoded,2020243506,2025763297
/global/cscratch1/sd/jialin/dayabay/ost1/dayabay-final.h5,autoencoded,2025763297,2031283088
/global/cscratch1/sd/jialin/dayabay/ost1/dayabay-final.h5,autoencoded,2031283088,2036802879
/global/cscratch1/sd/jialin/dayabay/ost1/dayabay-final.h5,autoencoded,2036802879,2042322670
/global/cscratch1/sd/jialin/dayabay/ost1/dayabay-final.h5,autoencoded,2042322670,2047842461
/global/cscratch1/sd/jialin/dayabay/ost1/dayabay-final.h5,autoencoded,2047842461,2053362252
/global/cscratch1/sd/jialin/dayabay/ost1/dayabay-final.h5,autoencoded,2053362252,2058882043
/global/cscratch1/sd/jialin/dayabay/ost1/dayabay-final.h5,autoencoded,2058882043,2064401834
/global/cscratch1/sd/jialin/dayabay/ost1/dayabay-final.h5,autoencoded,2064401834,2069921625
/global/cscratch1/sd/jialin/dayabay/ost1/dayabay-final.h5,autoencoded,2069921625,2075441416
/global/cscratch1/sd/jialin/dayabay/ost1/dayabay-final.h5,autoencoded,2075441416,2080961207
/global/cscratch1/sd/jialin/dayabay/ost1/dayabay-final.h5,autoencoded,2080961207,2086480998
/global/cscratch1/sd/jialin/dayabay/ost1/dayabay-final.h5,autoencoded,2086480998,2092000789
/global/cscratch1/sd/jialin/dayabay/ost1/dayabay-final.h5,autoencoded,2092000789,2097520580
/global/cscratch1/sd/jialin/dayabay/ost1/dayabay-final.h5,autoencoded,2097520580,2103040371
/global/cscratch1/sd/jialin/dayabay/ost1/dayabay-final.h5,autoencoded,2103040371,2108560162
/global/cscratch1/sd/jialin/dayabay/ost1/dayabay-final.h5,autoencoded,2108560162,2114079953
/global/cscratch1/sd/jialin/dayabay/ost1/dayabay-final.h5,autoencoded,2114079953,2119599744
/global/cscratch1/sd/jialin/dayabay/ost1/dayabay-final.h5,autoencoded,2119599744,2125119535
/global/cscratch1/sd/jialin/dayabay/ost1/dayabay-final.h5,autoencoded,2125119535,2130639326
/global/cscratch1/sd/jialin/dayabay/ost1/dayabay-final.h5,autoencoded,2130639326,2136159117
/global/cscratch1/sd/jialin/dayabay/ost1/dayabay-final.h5,autoencoded,2136159117,2141678908
/global/cscratch1/sd/jialin/dayabay/ost1/dayabay-final.h5,autoencoded,2141678908,2147198699
/global/cscratch1/sd/jialin/dayabay/ost1/dayabay-final.h5,autoencoded,2147198699,2152718490
/global/cscratch1/sd/jialin/dayabay/ost1/dayabay-final.h5,autoencoded,2152718490,2158238281
/global/cscratch1/sd/jialin/dayabay/ost1/dayabay-final.h5,autoencoded,2158238281,2163758072
/global/cscratch1/sd/jialin/dayabay/ost1/dayabay-final.h5,autoencoded,2163758072,2169277863
/global/cscratch1/sd/jialin/dayabay/ost1/dayabay-final.h5,autoencoded,2169277863,2174797654
/global/cscratch1/sd/jialin/dayabay/ost1/dayabay-final.h5,autoencoded,2174797654,2180317445
/global/cscratch1/sd/jialin/dayabay/ost1/dayabay-final.h5,autoencoded,2180317445,2185837236
/global/cscratch1/sd/jialin/dayabay/ost1/dayabay-final.h5,autoencoded,2185837236,2191357027
/global/cscratch1/sd/jialin/dayabay/ost1/dayabay-final.h5,autoencoded,2191357027,2196876818
/global/cscratch1/sd/jialin/dayabay/ost1/dayabay-final.h5,autoencoded,2196876818,2202396609
/global/cscratch1/sd/jialin/dayabay/ost1/dayabay-final.h5,autoencoded,2202396609,2207916400
/global/cscratch1/sd/jialin/dayabay/ost1/dayabay-final.h5,autoencoded,2207916400,2213436191
/global/cscratch1/sd/jialin/dayabay/ost1/dayabay-final.h5,autoencoded,2213436191,2218955982
/global/cscratch1/sd/jialin/dayabay/ost1/dayabay-final.h5,autoencoded,2218955982,2224475773
/global/cscratch1/sd/jialin/dayabay/ost1/dayabay-final.h5,autoencoded,2224475773,2229995564
/global/cscratch1/sd/jialin/dayabay/ost1/dayabay-final.h5,autoencoded,2229995564,2235515355
/global/cscratch1/sd/jialin/dayabay/ost1/dayabay-final.h5,autoencoded,2235515355,2241035146
/global/cscratch1/sd/jialin/dayabay/ost1/dayabay-final.h5,autoencoded,2241035146,2246554937
/global/cscratch1/sd/jialin/dayabay/ost1/dayabay-final.h5,autoencoded,2246554937,2252074728
/global/cscratch1/sd/jialin/dayabay/ost1/dayabay-final.h5,autoencoded,2252074728,2257594519
/global/cscratch1/sd/jialin/dayabay/ost1/dayabay-final.h5,autoencoded,2257594519,2263114310
/global/cscratch1/sd/jialin/dayabay/ost1/dayabay-final.h5,autoencoded,2263114310,2268634101
/global/cscratch1/sd/jialin/dayabay/ost1/dayabay-final.h5,autoencoded,2268634101,2274153892
/global/cscratch1/sd/jialin/dayabay/ost1/dayabay-final.h5,autoencoded,2274153892,2279673683
/global/cscratch1/sd/jialin/dayabay/ost1/dayabay-final.h5,autoencoded,2279673683,2285193474
/global/cscratch1/sd/jialin/dayabay/ost1/dayabay-final.h5,autoencoded,2285193474,2290713265
/global/cscratch1/sd/jialin/dayabay/ost1/dayabay-final.h5,autoencoded,2290713265,2296233056
/global/cscratch1/sd/jialin/dayabay/ost1/dayabay-final.h5,autoencoded,2296233056,2301752847
/global/cscratch1/sd/jialin/dayabay/ost1/dayabay-final.h5,autoencoded,2301752847,2307272638
/global/cscratch1/sd/jialin/dayabay/ost1/dayabay-final.h5,autoencoded,2307272638,2312792429
/global/cscratch1/sd/jialin/dayabay/ost1/dayabay-final.h5,autoencoded,2312792429,2318312220
/global/cscratch1/sd/jialin/dayabay/ost1/dayabay-final.h5,autoencoded,2318312220,2323832011
/global/cscratch1/sd/jialin/dayabay/ost1/dayabay-final.h5,autoencoded,2323832011,2329351802
/global/cscratch1/sd/jialin/dayabay/ost1/dayabay-final.h5,autoencoded,2329351802,2334871593
/global/cscratch1/sd/jialin/dayabay/ost1/dayabay-final.h5,autoencoded,2334871593,2340391384
/global/cscratch1/sd/jialin/dayabay/ost1/dayabay-final.h5,autoencoded,2340391384,2345911175
/global/cscratch1/sd/jialin/dayabay/ost1/dayabay-final.h5,autoencoded,2345911175,2351430966
/global/cscratch1/sd/jialin/dayabay/ost1/dayabay-final.h5,autoencoded,2351430966,2356950757
/global/cscratch1/sd/jialin/dayabay/ost1/dayabay-final.h5,autoencoded,2356950757,2362470548
/global/cscratch1/sd/jialin/dayabay/ost1/dayabay-final.h5,autoencoded,2362470548,2367990339
/global/cscratch1/sd/jialin/dayabay/ost1/dayabay-final.h5,autoencoded,2367990339,2373510130
/global/cscratch1/sd/jialin/dayabay/ost1/dayabay-final.h5,autoencoded,2373510130,2379029921
/global/cscratch1/sd/jialin/dayabay/ost1/dayabay-final.h5,autoencoded,2379029921,2384549712
/global/cscratch1/sd/jialin/dayabay/ost1/dayabay-final.h5,autoencoded,2384549712,2390069503
/global/cscratch1/sd/jialin/dayabay/ost1/dayabay-final.h5,autoencoded,2390069503,2395589294
/global/cscratch1/sd/jialin/dayabay/ost1/dayabay-final.h5,autoencoded,2395589294,2401109085
/global/cscratch1/sd/jialin/dayabay/ost1/dayabay-final.h5,autoencoded,2401109085,2406628876
/global/cscratch1/sd/jialin/dayabay/ost1/dayabay-final.h5,autoencoded,2406628876,2412148667
/global/cscratch1/sd/jialin/dayabay/ost1/dayabay-final.h5,autoencoded,2412148667,2417668458
/global/cscratch1/sd/jialin/dayabay/ost1/dayabay-final.h5,autoencoded,2417668458,2423188249
/global/cscratch1/sd/jialin/dayabay/ost1/dayabay-final.h5,autoencoded,2423188249,2428708040
/global/cscratch1/sd/jialin/dayabay/ost1/dayabay-final.h5,autoencoded,2428708040,2434227831
/global/cscratch1/sd/jialin/dayabay/ost1/dayabay-final.h5,autoencoded,2434227831,2439747622
/global/cscratch1/sd/jialin/dayabay/ost1/dayabay-final.h5,autoencoded,2439747622,2445267413
/global/cscratch1/sd/jialin/dayabay/ost1/dayabay-final.h5,autoencoded,2445267413,2450787204
/global/cscratch1/sd/jialin/dayabay/ost1/dayabay-final.h5,autoencoded,2450787204,2456306995
/global/cscratch1/sd/jialin/dayabay/ost1/dayabay-final.h5,autoencoded,2456306995,2461826786
/global/cscratch1/sd/jialin/dayabay/ost1/dayabay-final.h5,autoencoded,2461826786,2467346577
/global/cscratch1/sd/jialin/dayabay/ost1/dayabay-final.h5,autoencoded,2467346577,2472866368
/global/cscratch1/sd/jialin/dayabay/ost1/dayabay-final.h5,autoencoded,2472866368,2478386159
/global/cscratch1/sd/jialin/dayabay/ost1/dayabay-final.h5,autoencoded,2478386159,2483905950
/global/cscratch1/sd/jialin/dayabay/ost1/dayabay-final.h5,autoencoded,2483905950,2489425741
/global/cscratch1/sd/jialin/dayabay/ost1/dayabay-final.h5,autoencoded,2489425741,2494945532
/global/cscratch1/sd/jialin/dayabay/ost1/dayabay-final.h5,autoencoded,2494945532,2500465323
/global/cscratch1/sd/jialin/dayabay/ost1/dayabay-final.h5,autoencoded,2500465323,2505985114
/global/cscratch1/sd/jialin/dayabay/ost1/dayabay-final.h5,autoencoded,2505985114,2511504905
/global/cscratch1/sd/jialin/dayabay/ost1/dayabay-final.h5,autoencoded,2511504905,2517024696
/global/cscratch1/sd/jialin/dayabay/ost1/dayabay-final.h5,autoencoded,2517024696,2522544487
/global/cscratch1/sd/jialin/dayabay/ost1/dayabay-final.h5,autoencoded,2522544487,2528064278
/global/cscratch1/sd/jialin/dayabay/ost1/dayabay-final.h5,autoencoded,2528064278,2533584069
/global/cscratch1/sd/jialin/dayabay/ost1/dayabay-final.h5,autoencoded,2533584069,2539103860
/global/cscratch1/sd/jialin/dayabay/ost1/dayabay-final.h5,autoencoded,2539103860,2544623651
/global/cscratch1/sd/jialin/dayabay/ost1/dayabay-final.h5,autoencoded,2544623651,2550143442
/global/cscratch1/sd/jialin/dayabay/ost1/dayabay-final.h5,autoencoded,2550143442,2555663233
/global/cscratch1/sd/jialin/dayabay/ost1/dayabay-final.h5,autoencoded,2555663233,2561183024
/global/cscratch1/sd/jialin/dayabay/ost1/dayabay-final.h5,autoencoded,2561183024,2566702815
/global/cscratch1/sd/jialin/dayabay/ost1/dayabay-final.h5,autoencoded,2566702815,2572222606
/global/cscratch1/sd/jialin/dayabay/ost1/dayabay-final.h5,autoencoded,2572222606,2577742397
/global/cscratch1/sd/jialin/dayabay/ost1/dayabay-final.h5,autoencoded,2577742397,2583262188
/global/cscratch1/sd/jialin/dayabay/ost1/dayabay-final.h5,autoencoded,2583262188,2588781979
/global/cscratch1/sd/jialin/dayabay/ost1/dayabay-final.h5,autoencoded,2588781979,2594301770
/global/cscratch1/sd/jialin/dayabay/ost1/dayabay-final.h5,autoencoded,2594301770,2599821561
/global/cscratch1/sd/jialin/dayabay/ost1/dayabay-final.h5,autoencoded,2599821561,2605341352
/global/cscratch1/sd/jialin/dayabay/ost1/dayabay-final.h5,autoencoded,2605341352,2610861143
/global/cscratch1/sd/jialin/dayabay/ost1/dayabay-final.h5,autoencoded,2610861143,2616380934
/global/cscratch1/sd/jialin/dayabay/ost1/dayabay-final.h5,autoencoded,2616380934,2621900725
/global/cscratch1/sd/jialin/dayabay/ost1/dayabay-final.h5,autoencoded,2621900725,2627420516
/global/cscratch1/sd/jialin/dayabay/ost1/dayabay-final.h5,autoencoded,2627420516,2632940307
/global/cscratch1/sd/jialin/dayabay/ost1/dayabay-final.h5,autoencoded,2632940307,2638460098
/global/cscratch1/sd/jialin/dayabay/ost1/dayabay-final.h5,autoencoded,2638460098,2643979889
/global/cscratch1/sd/jialin/dayabay/ost1/dayabay-final.h5,autoencoded,2643979889,2649499680
/global/cscratch1/sd/jialin/dayabay/ost1/dayabay-final.h5,autoencoded,2649499680,2655019471
/global/cscratch1/sd/jialin/dayabay/ost1/dayabay-final.h5,autoencoded,2655019471,2660539262
/global/cscratch1/sd/jialin/dayabay/ost1/dayabay-final.h5,autoencoded,2660539262,2666059053
/global/cscratch1/sd/jialin/dayabay/ost1/dayabay-final.h5,autoencoded,2666059053,2671578844
/global/cscratch1/sd/jialin/dayabay/ost1/dayabay-final.h5,autoencoded,2671578844,2677098635
/global/cscratch1/sd/jialin/dayabay/ost1/dayabay-final.h5,autoencoded,2677098635,2682618426
/global/cscratch1/sd/jialin/dayabay/ost1/dayabay-final.h5,autoencoded,2682618426,2688138217
/global/cscratch1/sd/jialin/dayabay/ost1/dayabay-final.h5,autoencoded,2688138217,2693658008
/global/cscratch1/sd/jialin/dayabay/ost1/dayabay-final.h5,autoencoded,2693658008,2699177799
/global/cscratch1/sd/jialin/dayabay/ost1/dayabay-final.h5,autoencoded,2699177799,2704697590
/global/cscratch1/sd/jialin/dayabay/ost1/dayabay-final.h5,autoencoded,2704697590,2710217381
/global/cscratch1/sd/jialin/dayabay/ost1/dayabay-final.h5,autoencoded,2710217381,2715737172
/global/cscratch1/sd/jialin/dayabay/ost1/dayabay-final.h5,autoencoded,2715737172,2721256963
/global/cscratch1/sd/jialin/dayabay/ost1/dayabay-final.h5,autoencoded,2721256963,2726776754
/global/cscratch1/sd/jialin/dayabay/ost1/dayabay-final.h5,autoencoded,2726776754,2732296545
/global/cscratch1/sd/jialin/dayabay/ost1/dayabay-final.h5,autoencoded,2732296545,2737816336
/global/cscratch1/sd/jialin/dayabay/ost1/dayabay-final.h5,autoencoded,2737816336,2743336127
/global/cscratch1/sd/jialin/dayabay/ost1/dayabay-final.h5,autoencoded,2743336127,2748855918
/global/cscratch1/sd/jialin/dayabay/ost1/dayabay-final.h5,autoencoded,2748855918,2754375709
/global/cscratch1/sd/jialin/dayabay/ost1/dayabay-final.h5,autoencoded,2754375709,2759895880
