/global/cscratch1/sd/jialin/dayabay/dayabay-final.h5,autoencoded,0,2759895
/global/cscratch1/sd/jialin/dayabay/dayabay-final.h5,autoencoded,2759895,5519790
/global/cscratch1/sd/jialin/dayabay/dayabay-final.h5,autoencoded,5519790,8279685
/global/cscratch1/sd/jialin/dayabay/dayabay-final.h5,autoencoded,8279685,11039580
/global/cscratch1/sd/jialin/dayabay/dayabay-final.h5,autoencoded,11039580,13799475
/global/cscratch1/sd/jialin/dayabay/dayabay-final.h5,autoencoded,13799475,16559370
/global/cscratch1/sd/jialin/dayabay/dayabay-final.h5,autoencoded,16559370,19319265
/global/cscratch1/sd/jialin/dayabay/dayabay-final.h5,autoencoded,19319265,22079160
/global/cscratch1/sd/jialin/dayabay/dayabay-final.h5,autoencoded,22079160,24839055
/global/cscratch1/sd/jialin/dayabay/dayabay-final.h5,autoencoded,24839055,27598950
