/global/cscratch1/sd/jialin/climate/oceanTemps.hdf5,temperatures,0,7937
/global/cscratch1/sd/jialin/climate/oceanTemps.hdf5,temperatures,7937,15874
/global/cscratch1/sd/jialin/climate/oceanTemps.hdf5,temperatures,15874,23811
/global/cscratch1/sd/jialin/climate/oceanTemps.hdf5,temperatures,23811,31748
/global/cscratch1/sd/jialin/climate/oceanTemps.hdf5,temperatures,31748,39685
/global/cscratch1/sd/jialin/climate/oceanTemps.hdf5,temperatures,39685,47622
/global/cscratch1/sd/jialin/climate/oceanTemps.hdf5,temperatures,47622,55559
/global/cscratch1/sd/jialin/climate/oceanTemps.hdf5,temperatures,55559,63496
/global/cscratch1/sd/jialin/climate/oceanTemps.hdf5,temperatures,63496,71433
/global/cscratch1/sd/jialin/climate/oceanTemps.hdf5,temperatures,71433,79370
/global/cscratch1/sd/jialin/climate/oceanTemps.hdf5,temperatures,79370,87307
/global/cscratch1/sd/jialin/climate/oceanTemps.hdf5,temperatures,87307,95244
/global/cscratch1/sd/jialin/climate/oceanTemps.hdf5,temperatures,95244,103181
/global/cscratch1/sd/jialin/climate/oceanTemps.hdf5,temperatures,103181,111118
/global/cscratch1/sd/jialin/climate/oceanTemps.hdf5,temperatures,111118,119055
/global/cscratch1/sd/jialin/climate/oceanTemps.hdf5,temperatures,119055,126992
/global/cscratch1/sd/jialin/climate/oceanTemps.hdf5,temperatures,126992,134929
/global/cscratch1/sd/jialin/climate/oceanTemps.hdf5,temperatures,134929,142866
/global/cscratch1/sd/jialin/climate/oceanTemps.hdf5,temperatures,142866,150803
/global/cscratch1/sd/jialin/climate/oceanTemps.hdf5,temperatures,150803,158740
/global/cscratch1/sd/jialin/climate/oceanTemps.hdf5,temperatures,158740,166677
/global/cscratch1/sd/jialin/climate/oceanTemps.hdf5,temperatures,166677,174614
/global/cscratch1/sd/jialin/climate/oceanTemps.hdf5,temperatures,174614,182551
/global/cscratch1/sd/jialin/climate/oceanTemps.hdf5,temperatures,182551,190488
/global/cscratch1/sd/jialin/climate/oceanTemps.hdf5,temperatures,190488,198425
/global/cscratch1/sd/jialin/climate/oceanTemps.hdf5,temperatures,198425,206362
/global/cscratch1/sd/jialin/climate/oceanTemps.hdf5,temperatures,206362,214299
/global/cscratch1/sd/jialin/climate/oceanTemps.hdf5,temperatures,214299,222236
/global/cscratch1/sd/jialin/climate/oceanTemps.hdf5,temperatures,222236,230173
/global/cscratch1/sd/jialin/climate/oceanTemps.hdf5,temperatures,230173,238110
/global/cscratch1/sd/jialin/climate/oceanTemps.hdf5,temperatures,238110,246047
/global/cscratch1/sd/jialin/climate/oceanTemps.hdf5,temperatures,246047,253984
/global/cscratch1/sd/jialin/climate/oceanTemps.hdf5,temperatures,253984,261921
/global/cscratch1/sd/jialin/climate/oceanTemps.hdf5,temperatures,261921,269858
/global/cscratch1/sd/jialin/climate/oceanTemps.hdf5,temperatures,269858,277795
/global/cscratch1/sd/jialin/climate/oceanTemps.hdf5,temperatures,277795,285732
/global/cscratch1/sd/jialin/climate/oceanTemps.hdf5,temperatures,285732,293669
/global/cscratch1/sd/jialin/climate/oceanTemps.hdf5,temperatures,293669,301606
/global/cscratch1/sd/jialin/climate/oceanTemps.hdf5,temperatures,301606,309543
/global/cscratch1/sd/jialin/climate/oceanTemps.hdf5,temperatures,309543,317480
/global/cscratch1/sd/jialin/climate/oceanTemps.hdf5,temperatures,317480,325417
/global/cscratch1/sd/jialin/climate/oceanTemps.hdf5,temperatures,325417,333354
/global/cscratch1/sd/jialin/climate/oceanTemps.hdf5,temperatures,333354,341291
/global/cscratch1/sd/jialin/climate/oceanTemps.hdf5,temperatures,341291,349228
/global/cscratch1/sd/jialin/climate/oceanTemps.hdf5,temperatures,349228,357165
/global/cscratch1/sd/jialin/climate/oceanTemps.hdf5,temperatures,357165,365102
/global/cscratch1/sd/jialin/climate/oceanTemps.hdf5,temperatures,365102,373039
/global/cscratch1/sd/jialin/climate/oceanTemps.hdf5,temperatures,373039,380976
/global/cscratch1/sd/jialin/climate/oceanTemps.hdf5,temperatures,380976,388913
/global/cscratch1/sd/jialin/climate/oceanTemps.hdf5,temperatures,388913,396850
/global/cscratch1/sd/jialin/climate/oceanTemps.hdf5,temperatures,396850,404787
/global/cscratch1/sd/jialin/climate/oceanTemps.hdf5,temperatures,404787,412724
/global/cscratch1/sd/jialin/climate/oceanTemps.hdf5,temperatures,412724,420661
/global/cscratch1/sd/jialin/climate/oceanTemps.hdf5,temperatures,420661,428598
/global/cscratch1/sd/jialin/climate/oceanTemps.hdf5,temperatures,428598,436535
/global/cscratch1/sd/jialin/climate/oceanTemps.hdf5,temperatures,436535,444472
/global/cscratch1/sd/jialin/climate/oceanTemps.hdf5,temperatures,444472,452409
/global/cscratch1/sd/jialin/climate/oceanTemps.hdf5,temperatures,452409,460346
/global/cscratch1/sd/jialin/climate/oceanTemps.hdf5,temperatures,460346,468283
/global/cscratch1/sd/jialin/climate/oceanTemps.hdf5,temperatures,468283,476220
/global/cscratch1/sd/jialin/climate/oceanTemps.hdf5,temperatures,476220,484157
/global/cscratch1/sd/jialin/climate/oceanTemps.hdf5,temperatures,484157,492094
/global/cscratch1/sd/jialin/climate/oceanTemps.hdf5,temperatures,492094,500031
/global/cscratch1/sd/jialin/climate/oceanTemps.hdf5,temperatures,500031,507968
/global/cscratch1/sd/jialin/climate/oceanTemps.hdf5,temperatures,507968,515905
/global/cscratch1/sd/jialin/climate/oceanTemps.hdf5,temperatures,515905,523842
/global/cscratch1/sd/jialin/climate/oceanTemps.hdf5,temperatures,523842,531779
/global/cscratch1/sd/jialin/climate/oceanTemps.hdf5,temperatures,531779,539716
/global/cscratch1/sd/jialin/climate/oceanTemps.hdf5,temperatures,539716,547653
/global/cscratch1/sd/jialin/climate/oceanTemps.hdf5,temperatures,547653,555590
/global/cscratch1/sd/jialin/climate/oceanTemps.hdf5,temperatures,555590,563527
/global/cscratch1/sd/jialin/climate/oceanTemps.hdf5,temperatures,563527,571464
/global/cscratch1/sd/jialin/climate/oceanTemps.hdf5,temperatures,571464,579401
/global/cscratch1/sd/jialin/climate/oceanTemps.hdf5,temperatures,579401,587338
/global/cscratch1/sd/jialin/climate/oceanTemps.hdf5,temperatures,587338,595275
/global/cscratch1/sd/jialin/climate/oceanTemps.hdf5,temperatures,595275,603212
/global/cscratch1/sd/jialin/climate/oceanTemps.hdf5,temperatures,603212,611149
/global/cscratch1/sd/jialin/climate/oceanTemps.hdf5,temperatures,611149,619086
/global/cscratch1/sd/jialin/climate/oceanTemps.hdf5,temperatures,619086,627023
/global/cscratch1/sd/jialin/climate/oceanTemps.hdf5,temperatures,627023,634960
/global/cscratch1/sd/jialin/climate/oceanTemps.hdf5,temperatures,634960,642897
/global/cscratch1/sd/jialin/climate/oceanTemps.hdf5,temperatures,642897,650834
/global/cscratch1/sd/jialin/climate/oceanTemps.hdf5,temperatures,650834,658771
/global/cscratch1/sd/jialin/climate/oceanTemps.hdf5,temperatures,658771,666708
/global/cscratch1/sd/jialin/climate/oceanTemps.hdf5,temperatures,666708,674645
/global/cscratch1/sd/jialin/climate/oceanTemps.hdf5,temperatures,674645,682582
/global/cscratch1/sd/jialin/climate/oceanTemps.hdf5,temperatures,682582,690519
/global/cscratch1/sd/jialin/climate/oceanTemps.hdf5,temperatures,690519,698456
/global/cscratch1/sd/jialin/climate/oceanTemps.hdf5,temperatures,698456,706393
/global/cscratch1/sd/jialin/climate/oceanTemps.hdf5,temperatures,706393,714330
/global/cscratch1/sd/jialin/climate/oceanTemps.hdf5,temperatures,714330,722267
/global/cscratch1/sd/jialin/climate/oceanTemps.hdf5,temperatures,722267,730204
/global/cscratch1/sd/jialin/climate/oceanTemps.hdf5,temperatures,730204,738141
/global/cscratch1/sd/jialin/climate/oceanTemps.hdf5,temperatures,738141,746078
/global/cscratch1/sd/jialin/climate/oceanTemps.hdf5,temperatures,746078,754015
/global/cscratch1/sd/jialin/climate/oceanTemps.hdf5,temperatures,754015,761952
/global/cscratch1/sd/jialin/climate/oceanTemps.hdf5,temperatures,761952,769889
/global/cscratch1/sd/jialin/climate/oceanTemps.hdf5,temperatures,769889,777826
/global/cscratch1/sd/jialin/climate/oceanTemps.hdf5,temperatures,777826,785763
/global/cscratch1/sd/jialin/climate/oceanTemps.hdf5,temperatures,785763,793700
/global/cscratch1/sd/jialin/climate/oceanTemps.hdf5,temperatures,793700,801637
/global/cscratch1/sd/jialin/climate/oceanTemps.hdf5,temperatures,801637,809574
/global/cscratch1/sd/jialin/climate/oceanTemps.hdf5,temperatures,809574,817511
/global/cscratch1/sd/jialin/climate/oceanTemps.hdf5,temperatures,817511,825448
/global/cscratch1/sd/jialin/climate/oceanTemps.hdf5,temperatures,825448,833385
/global/cscratch1/sd/jialin/climate/oceanTemps.hdf5,temperatures,833385,841322
/global/cscratch1/sd/jialin/climate/oceanTemps.hdf5,temperatures,841322,849259
/global/cscratch1/sd/jialin/climate/oceanTemps.hdf5,temperatures,849259,857196
/global/cscratch1/sd/jialin/climate/oceanTemps.hdf5,temperatures,857196,865133
/global/cscratch1/sd/jialin/climate/oceanTemps.hdf5,temperatures,865133,873070
/global/cscratch1/sd/jialin/climate/oceanTemps.hdf5,temperatures,873070,881007
/global/cscratch1/sd/jialin/climate/oceanTemps.hdf5,temperatures,881007,888944
/global/cscratch1/sd/jialin/climate/oceanTemps.hdf5,temperatures,888944,896881
/global/cscratch1/sd/jialin/climate/oceanTemps.hdf5,temperatures,896881,904818
/global/cscratch1/sd/jialin/climate/oceanTemps.hdf5,temperatures,904818,912755
/global/cscratch1/sd/jialin/climate/oceanTemps.hdf5,temperatures,912755,920692
/global/cscratch1/sd/jialin/climate/oceanTemps.hdf5,temperatures,920692,928629
/global/cscratch1/sd/jialin/climate/oceanTemps.hdf5,temperatures,928629,936566
/global/cscratch1/sd/jialin/climate/oceanTemps.hdf5,temperatures,936566,944503
/global/cscratch1/sd/jialin/climate/oceanTemps.hdf5,temperatures,944503,952440
/global/cscratch1/sd/jialin/climate/oceanTemps.hdf5,temperatures,952440,960377
/global/cscratch1/sd/jialin/climate/oceanTemps.hdf5,temperatures,960377,968314
/global/cscratch1/sd/jialin/climate/oceanTemps.hdf5,temperatures,968314,976251
/global/cscratch1/sd/jialin/climate/oceanTemps.hdf5,temperatures,976251,984188
/global/cscratch1/sd/jialin/climate/oceanTemps.hdf5,temperatures,984188,992125
/global/cscratch1/sd/jialin/climate/oceanTemps.hdf5,temperatures,992125,1000062
/global/cscratch1/sd/jialin/climate/oceanTemps.hdf5,temperatures,1000062,1007999
/global/cscratch1/sd/jialin/climate/oceanTemps.hdf5,temperatures,1007999,1015936
/global/cscratch1/sd/jialin/climate/oceanTemps.hdf5,temperatures,1015936,1023873
/global/cscratch1/sd/jialin/climate/oceanTemps.hdf5,temperatures,1023873,1031810
/global/cscratch1/sd/jialin/climate/oceanTemps.hdf5,temperatures,1031810,1039747
/global/cscratch1/sd/jialin/climate/oceanTemps.hdf5,temperatures,1039747,1047684
/global/cscratch1/sd/jialin/climate/oceanTemps.hdf5,temperatures,1047684,1055621
/global/cscratch1/sd/jialin/climate/oceanTemps.hdf5,temperatures,1055621,1063558
/global/cscratch1/sd/jialin/climate/oceanTemps.hdf5,temperatures,1063558,1071495
/global/cscratch1/sd/jialin/climate/oceanTemps.hdf5,temperatures,1071495,1079432
/global/cscratch1/sd/jialin/climate/oceanTemps.hdf5,temperatures,1079432,1087369
/global/cscratch1/sd/jialin/climate/oceanTemps.hdf5,temperatures,1087369,1095306
/global/cscratch1/sd/jialin/climate/oceanTemps.hdf5,temperatures,1095306,1103243
/global/cscratch1/sd/jialin/climate/oceanTemps.hdf5,temperatures,1103243,1111180
/global/cscratch1/sd/jialin/climate/oceanTemps.hdf5,temperatures,1111180,1119117
/global/cscratch1/sd/jialin/climate/oceanTemps.hdf5,temperatures,1119117,1127054
/global/cscratch1/sd/jialin/climate/oceanTemps.hdf5,temperatures,1127054,1134991
/global/cscratch1/sd/jialin/climate/oceanTemps.hdf5,temperatures,1134991,1142928
/global/cscratch1/sd/jialin/climate/oceanTemps.hdf5,temperatures,1142928,1150865
/global/cscratch1/sd/jialin/climate/oceanTemps.hdf5,temperatures,1150865,1158802
/global/cscratch1/sd/jialin/climate/oceanTemps.hdf5,temperatures,1158802,1166739
/global/cscratch1/sd/jialin/climate/oceanTemps.hdf5,temperatures,1166739,1174676
/global/cscratch1/sd/jialin/climate/oceanTemps.hdf5,temperatures,1174676,1182613
/global/cscratch1/sd/jialin/climate/oceanTemps.hdf5,temperatures,1182613,1190550
/global/cscratch1/sd/jialin/climate/oceanTemps.hdf5,temperatures,1190550,1198487
/global/cscratch1/sd/jialin/climate/oceanTemps.hdf5,temperatures,1198487,1206424
/global/cscratch1/sd/jialin/climate/oceanTemps.hdf5,temperatures,1206424,1214361
/global/cscratch1/sd/jialin/climate/oceanTemps.hdf5,temperatures,1214361,1222298
/global/cscratch1/sd/jialin/climate/oceanTemps.hdf5,temperatures,1222298,1230235
/global/cscratch1/sd/jialin/climate/oceanTemps.hdf5,temperatures,1230235,1238172
/global/cscratch1/sd/jialin/climate/oceanTemps.hdf5,temperatures,1238172,1246109
/global/cscratch1/sd/jialin/climate/oceanTemps.hdf5,temperatures,1246109,1254046
/global/cscratch1/sd/jialin/climate/oceanTemps.hdf5,temperatures,1254046,1261983
/global/cscratch1/sd/jialin/climate/oceanTemps.hdf5,temperatures,1261983,1269920
/global/cscratch1/sd/jialin/climate/oceanTemps.hdf5,temperatures,1269920,1277857
/global/cscratch1/sd/jialin/climate/oceanTemps.hdf5,temperatures,1277857,1285794
/global/cscratch1/sd/jialin/climate/oceanTemps.hdf5,temperatures,1285794,1293731
/global/cscratch1/sd/jialin/climate/oceanTemps.hdf5,temperatures,1293731,1301668
/global/cscratch1/sd/jialin/climate/oceanTemps.hdf5,temperatures,1301668,1309605
/global/cscratch1/sd/jialin/climate/oceanTemps.hdf5,temperatures,1309605,1317542
/global/cscratch1/sd/jialin/climate/oceanTemps.hdf5,temperatures,1317542,1325479
/global/cscratch1/sd/jialin/climate/oceanTemps.hdf5,temperatures,1325479,1333416
/global/cscratch1/sd/jialin/climate/oceanTemps.hdf5,temperatures,1333416,1341353
/global/cscratch1/sd/jialin/climate/oceanTemps.hdf5,temperatures,1341353,1349290
/global/cscratch1/sd/jialin/climate/oceanTemps.hdf5,temperatures,1349290,1357227
/global/cscratch1/sd/jialin/climate/oceanTemps.hdf5,temperatures,1357227,1365164
/global/cscratch1/sd/jialin/climate/oceanTemps.hdf5,temperatures,1365164,1373101
/global/cscratch1/sd/jialin/climate/oceanTemps.hdf5,temperatures,1373101,1381038
/global/cscratch1/sd/jialin/climate/oceanTemps.hdf5,temperatures,1381038,1388975
/global/cscratch1/sd/jialin/climate/oceanTemps.hdf5,temperatures,1388975,1396912
/global/cscratch1/sd/jialin/climate/oceanTemps.hdf5,temperatures,1396912,1404849
/global/cscratch1/sd/jialin/climate/oceanTemps.hdf5,temperatures,1404849,1412786
/global/cscratch1/sd/jialin/climate/oceanTemps.hdf5,temperatures,1412786,1420723
/global/cscratch1/sd/jialin/climate/oceanTemps.hdf5,temperatures,1420723,1428660
/global/cscratch1/sd/jialin/climate/oceanTemps.hdf5,temperatures,1428660,1436597
/global/cscratch1/sd/jialin/climate/oceanTemps.hdf5,temperatures,1436597,1444534
/global/cscratch1/sd/jialin/climate/oceanTemps.hdf5,temperatures,1444534,1452471
/global/cscratch1/sd/jialin/climate/oceanTemps.hdf5,temperatures,1452471,1460408
/global/cscratch1/sd/jialin/climate/oceanTemps.hdf5,temperatures,1460408,1468345
/global/cscratch1/sd/jialin/climate/oceanTemps.hdf5,temperatures,1468345,1476282
/global/cscratch1/sd/jialin/climate/oceanTemps.hdf5,temperatures,1476282,1484219
/global/cscratch1/sd/jialin/climate/oceanTemps.hdf5,temperatures,1484219,1492156
/global/cscratch1/sd/jialin/climate/oceanTemps.hdf5,temperatures,1492156,1500093
/global/cscratch1/sd/jialin/climate/oceanTemps.hdf5,temperatures,1500093,1508030
/global/cscratch1/sd/jialin/climate/oceanTemps.hdf5,temperatures,1508030,1515967
/global/cscratch1/sd/jialin/climate/oceanTemps.hdf5,temperatures,1515967,1523904
/global/cscratch1/sd/jialin/climate/oceanTemps.hdf5,temperatures,1523904,1531841
/global/cscratch1/sd/jialin/climate/oceanTemps.hdf5,temperatures,1531841,1539778
/global/cscratch1/sd/jialin/climate/oceanTemps.hdf5,temperatures,1539778,1547715
/global/cscratch1/sd/jialin/climate/oceanTemps.hdf5,temperatures,1547715,1555652
/global/cscratch1/sd/jialin/climate/oceanTemps.hdf5,temperatures,1555652,1563589
/global/cscratch1/sd/jialin/climate/oceanTemps.hdf5,temperatures,1563589,1571526
/global/cscratch1/sd/jialin/climate/oceanTemps.hdf5,temperatures,1571526,1579463
/global/cscratch1/sd/jialin/climate/oceanTemps.hdf5,temperatures,1579463,1587400
/global/cscratch1/sd/jialin/climate/oceanTemps.hdf5,temperatures,1587400,1595337
/global/cscratch1/sd/jialin/climate/oceanTemps.hdf5,temperatures,1595337,1603274
/global/cscratch1/sd/jialin/climate/oceanTemps.hdf5,temperatures,1603274,1611211
/global/cscratch1/sd/jialin/climate/oceanTemps.hdf5,temperatures,1611211,1619148
/global/cscratch1/sd/jialin/climate/oceanTemps.hdf5,temperatures,1619148,1627085
/global/cscratch1/sd/jialin/climate/oceanTemps.hdf5,temperatures,1627085,1635022
/global/cscratch1/sd/jialin/climate/oceanTemps.hdf5,temperatures,1635022,1642959
/global/cscratch1/sd/jialin/climate/oceanTemps.hdf5,temperatures,1642959,1650896
/global/cscratch1/sd/jialin/climate/oceanTemps.hdf5,temperatures,1650896,1658833
/global/cscratch1/sd/jialin/climate/oceanTemps.hdf5,temperatures,1658833,1666770
/global/cscratch1/sd/jialin/climate/oceanTemps.hdf5,temperatures,1666770,1674707
/global/cscratch1/sd/jialin/climate/oceanTemps.hdf5,temperatures,1674707,1682644
/global/cscratch1/sd/jialin/climate/oceanTemps.hdf5,temperatures,1682644,1690581
/global/cscratch1/sd/jialin/climate/oceanTemps.hdf5,temperatures,1690581,1698518
/global/cscratch1/sd/jialin/climate/oceanTemps.hdf5,temperatures,1698518,1706455
/global/cscratch1/sd/jialin/climate/oceanTemps.hdf5,temperatures,1706455,1714392
/global/cscratch1/sd/jialin/climate/oceanTemps.hdf5,temperatures,1714392,1722329
/global/cscratch1/sd/jialin/climate/oceanTemps.hdf5,temperatures,1722329,1730266
/global/cscratch1/sd/jialin/climate/oceanTemps.hdf5,temperatures,1730266,1738203
/global/cscratch1/sd/jialin/climate/oceanTemps.hdf5,temperatures,1738203,1746140
/global/cscratch1/sd/jialin/climate/oceanTemps.hdf5,temperatures,1746140,1754077
/global/cscratch1/sd/jialin/climate/oceanTemps.hdf5,temperatures,1754077,1762014
/global/cscratch1/sd/jialin/climate/oceanTemps.hdf5,temperatures,1762014,1769951
/global/cscratch1/sd/jialin/climate/oceanTemps.hdf5,temperatures,1769951,1777888
/global/cscratch1/sd/jialin/climate/oceanTemps.hdf5,temperatures,1777888,1785825
/global/cscratch1/sd/jialin/climate/oceanTemps.hdf5,temperatures,1785825,1793762
/global/cscratch1/sd/jialin/climate/oceanTemps.hdf5,temperatures,1793762,1801699
/global/cscratch1/sd/jialin/climate/oceanTemps.hdf5,temperatures,1801699,1809636
/global/cscratch1/sd/jialin/climate/oceanTemps.hdf5,temperatures,1809636,1817573
/global/cscratch1/sd/jialin/climate/oceanTemps.hdf5,temperatures,1817573,1825510
/global/cscratch1/sd/jialin/climate/oceanTemps.hdf5,temperatures,1825510,1833447
/global/cscratch1/sd/jialin/climate/oceanTemps.hdf5,temperatures,1833447,1841384
/global/cscratch1/sd/jialin/climate/oceanTemps.hdf5,temperatures,1841384,1849321
/global/cscratch1/sd/jialin/climate/oceanTemps.hdf5,temperatures,1849321,1857258
/global/cscratch1/sd/jialin/climate/oceanTemps.hdf5,temperatures,1857258,1865195
/global/cscratch1/sd/jialin/climate/oceanTemps.hdf5,temperatures,1865195,1873132
/global/cscratch1/sd/jialin/climate/oceanTemps.hdf5,temperatures,1873132,1881069
/global/cscratch1/sd/jialin/climate/oceanTemps.hdf5,temperatures,1881069,1889006
/global/cscratch1/sd/jialin/climate/oceanTemps.hdf5,temperatures,1889006,1896943
/global/cscratch1/sd/jialin/climate/oceanTemps.hdf5,temperatures,1896943,1904880
/global/cscratch1/sd/jialin/climate/oceanTemps.hdf5,temperatures,1904880,1912817
/global/cscratch1/sd/jialin/climate/oceanTemps.hdf5,temperatures,1912817,1920754
/global/cscratch1/sd/jialin/climate/oceanTemps.hdf5,temperatures,1920754,1928691
/global/cscratch1/sd/jialin/climate/oceanTemps.hdf5,temperatures,1928691,1936628
/global/cscratch1/sd/jialin/climate/oceanTemps.hdf5,temperatures,1936628,1944565
/global/cscratch1/sd/jialin/climate/oceanTemps.hdf5,temperatures,1944565,1952502
/global/cscratch1/sd/jialin/climate/oceanTemps.hdf5,temperatures,1952502,1960439
/global/cscratch1/sd/jialin/climate/oceanTemps.hdf5,temperatures,1960439,1968376
/global/cscratch1/sd/jialin/climate/oceanTemps.hdf5,temperatures,1968376,1976313
/global/cscratch1/sd/jialin/climate/oceanTemps.hdf5,temperatures,1976313,1984250
/global/cscratch1/sd/jialin/climate/oceanTemps.hdf5,temperatures,1984250,1992187
/global/cscratch1/sd/jialin/climate/oceanTemps.hdf5,temperatures,1992187,2000124
/global/cscratch1/sd/jialin/climate/oceanTemps.hdf5,temperatures,2000124,2008061
/global/cscratch1/sd/jialin/climate/oceanTemps.hdf5,temperatures,2008061,2015998
/global/cscratch1/sd/jialin/climate/oceanTemps.hdf5,temperatures,2015998,2023935
/global/cscratch1/sd/jialin/climate/oceanTemps.hdf5,temperatures,2023935,2031872
/global/cscratch1/sd/jialin/climate/oceanTemps.hdf5,temperatures,2031872,2039809
/global/cscratch1/sd/jialin/climate/oceanTemps.hdf5,temperatures,2039809,2047746
/global/cscratch1/sd/jialin/climate/oceanTemps.hdf5,temperatures,2047746,2055683
/global/cscratch1/sd/jialin/climate/oceanTemps.hdf5,temperatures,2055683,2063620
/global/cscratch1/sd/jialin/climate/oceanTemps.hdf5,temperatures,2063620,2071557
/global/cscratch1/sd/jialin/climate/oceanTemps.hdf5,temperatures,2071557,2079494
/global/cscratch1/sd/jialin/climate/oceanTemps.hdf5,temperatures,2079494,2087431
/global/cscratch1/sd/jialin/climate/oceanTemps.hdf5,temperatures,2087431,2095368
/global/cscratch1/sd/jialin/climate/oceanTemps.hdf5,temperatures,2095368,2103305
/global/cscratch1/sd/jialin/climate/oceanTemps.hdf5,temperatures,2103305,2111242
/global/cscratch1/sd/jialin/climate/oceanTemps.hdf5,temperatures,2111242,2119179
/global/cscratch1/sd/jialin/climate/oceanTemps.hdf5,temperatures,2119179,2127116
/global/cscratch1/sd/jialin/climate/oceanTemps.hdf5,temperatures,2127116,2135053
/global/cscratch1/sd/jialin/climate/oceanTemps.hdf5,temperatures,2135053,2142990
/global/cscratch1/sd/jialin/climate/oceanTemps.hdf5,temperatures,2142990,2150927
/global/cscratch1/sd/jialin/climate/oceanTemps.hdf5,temperatures,2150927,2158864
/global/cscratch1/sd/jialin/climate/oceanTemps.hdf5,temperatures,2158864,2166801
/global/cscratch1/sd/jialin/climate/oceanTemps.hdf5,temperatures,2166801,2174738
/global/cscratch1/sd/jialin/climate/oceanTemps.hdf5,temperatures,2174738,2182675
/global/cscratch1/sd/jialin/climate/oceanTemps.hdf5,temperatures,2182675,2190612
/global/cscratch1/sd/jialin/climate/oceanTemps.hdf5,temperatures,2190612,2198549
/global/cscratch1/sd/jialin/climate/oceanTemps.hdf5,temperatures,2198549,2206486
/global/cscratch1/sd/jialin/climate/oceanTemps.hdf5,temperatures,2206486,2214423
/global/cscratch1/sd/jialin/climate/oceanTemps.hdf5,temperatures,2214423,2222360
/global/cscratch1/sd/jialin/climate/oceanTemps.hdf5,temperatures,2222360,2230297
/global/cscratch1/sd/jialin/climate/oceanTemps.hdf5,temperatures,2230297,2238234
/global/cscratch1/sd/jialin/climate/oceanTemps.hdf5,temperatures,2238234,2246171
/global/cscratch1/sd/jialin/climate/oceanTemps.hdf5,temperatures,2246171,2254108
/global/cscratch1/sd/jialin/climate/oceanTemps.hdf5,temperatures,2254108,2262045
/global/cscratch1/sd/jialin/climate/oceanTemps.hdf5,temperatures,2262045,2269982
/global/cscratch1/sd/jialin/climate/oceanTemps.hdf5,temperatures,2269982,2277919
/global/cscratch1/sd/jialin/climate/oceanTemps.hdf5,temperatures,2277919,2285856
/global/cscratch1/sd/jialin/climate/oceanTemps.hdf5,temperatures,2285856,2293793
/global/cscratch1/sd/jialin/climate/oceanTemps.hdf5,temperatures,2293793,2301730
/global/cscratch1/sd/jialin/climate/oceanTemps.hdf5,temperatures,2301730,2309667
/global/cscratch1/sd/jialin/climate/oceanTemps.hdf5,temperatures,2309667,2317604
/global/cscratch1/sd/jialin/climate/oceanTemps.hdf5,temperatures,2317604,2325541
/global/cscratch1/sd/jialin/climate/oceanTemps.hdf5,temperatures,2325541,2333478
/global/cscratch1/sd/jialin/climate/oceanTemps.hdf5,temperatures,2333478,2341415
/global/cscratch1/sd/jialin/climate/oceanTemps.hdf5,temperatures,2341415,2349352
/global/cscratch1/sd/jialin/climate/oceanTemps.hdf5,temperatures,2349352,2357289
/global/cscratch1/sd/jialin/climate/oceanTemps.hdf5,temperatures,2357289,2365226
/global/cscratch1/sd/jialin/climate/oceanTemps.hdf5,temperatures,2365226,2373163
/global/cscratch1/sd/jialin/climate/oceanTemps.hdf5,temperatures,2373163,2381100
/global/cscratch1/sd/jialin/climate/oceanTemps.hdf5,temperatures,2381100,2389037
/global/cscratch1/sd/jialin/climate/oceanTemps.hdf5,temperatures,2389037,2396974
/global/cscratch1/sd/jialin/climate/oceanTemps.hdf5,temperatures,2396974,2404911
/global/cscratch1/sd/jialin/climate/oceanTemps.hdf5,temperatures,2404911,2412848
/global/cscratch1/sd/jialin/climate/oceanTemps.hdf5,temperatures,2412848,2420785
/global/cscratch1/sd/jialin/climate/oceanTemps.hdf5,temperatures,2420785,2428722
/global/cscratch1/sd/jialin/climate/oceanTemps.hdf5,temperatures,2428722,2436659
/global/cscratch1/sd/jialin/climate/oceanTemps.hdf5,temperatures,2436659,2444596
/global/cscratch1/sd/jialin/climate/oceanTemps.hdf5,temperatures,2444596,2452533
/global/cscratch1/sd/jialin/climate/oceanTemps.hdf5,temperatures,2452533,2460470
/global/cscratch1/sd/jialin/climate/oceanTemps.hdf5,temperatures,2460470,2468407
/global/cscratch1/sd/jialin/climate/oceanTemps.hdf5,temperatures,2468407,2476344
/global/cscratch1/sd/jialin/climate/oceanTemps.hdf5,temperatures,2476344,2484281
/global/cscratch1/sd/jialin/climate/oceanTemps.hdf5,temperatures,2484281,2492218
/global/cscratch1/sd/jialin/climate/oceanTemps.hdf5,temperatures,2492218,2500155
/global/cscratch1/sd/jialin/climate/oceanTemps.hdf5,temperatures,2500155,2508092
/global/cscratch1/sd/jialin/climate/oceanTemps.hdf5,temperatures,2508092,2516029
/global/cscratch1/sd/jialin/climate/oceanTemps.hdf5,temperatures,2516029,2523966
/global/cscratch1/sd/jialin/climate/oceanTemps.hdf5,temperatures,2523966,2531903
/global/cscratch1/sd/jialin/climate/oceanTemps.hdf5,temperatures,2531903,2539840
/global/cscratch1/sd/jialin/climate/oceanTemps.hdf5,temperatures,2539840,2547777
/global/cscratch1/sd/jialin/climate/oceanTemps.hdf5,temperatures,2547777,2555714
/global/cscratch1/sd/jialin/climate/oceanTemps.hdf5,temperatures,2555714,2563651
/global/cscratch1/sd/jialin/climate/oceanTemps.hdf5,temperatures,2563651,2571588
/global/cscratch1/sd/jialin/climate/oceanTemps.hdf5,temperatures,2571588,2579525
/global/cscratch1/sd/jialin/climate/oceanTemps.hdf5,temperatures,2579525,2587462
/global/cscratch1/sd/jialin/climate/oceanTemps.hdf5,temperatures,2587462,2595399
/global/cscratch1/sd/jialin/climate/oceanTemps.hdf5,temperatures,2595399,2603336
/global/cscratch1/sd/jialin/climate/oceanTemps.hdf5,temperatures,2603336,2611273
/global/cscratch1/sd/jialin/climate/oceanTemps.hdf5,temperatures,2611273,2619210
/global/cscratch1/sd/jialin/climate/oceanTemps.hdf5,temperatures,2619210,2627147
/global/cscratch1/sd/jialin/climate/oceanTemps.hdf5,temperatures,2627147,2635084
/global/cscratch1/sd/jialin/climate/oceanTemps.hdf5,temperatures,2635084,2643021
/global/cscratch1/sd/jialin/climate/oceanTemps.hdf5,temperatures,2643021,2650958
/global/cscratch1/sd/jialin/climate/oceanTemps.hdf5,temperatures,2650958,2658895
/global/cscratch1/sd/jialin/climate/oceanTemps.hdf5,temperatures,2658895,2666832
/global/cscratch1/sd/jialin/climate/oceanTemps.hdf5,temperatures,2666832,2674769
/global/cscratch1/sd/jialin/climate/oceanTemps.hdf5,temperatures,2674769,2682706
/global/cscratch1/sd/jialin/climate/oceanTemps.hdf5,temperatures,2682706,2690643
/global/cscratch1/sd/jialin/climate/oceanTemps.hdf5,temperatures,2690643,2698580
/global/cscratch1/sd/jialin/climate/oceanTemps.hdf5,temperatures,2698580,2706517
/global/cscratch1/sd/jialin/climate/oceanTemps.hdf5,temperatures,2706517,2714454
/global/cscratch1/sd/jialin/climate/oceanTemps.hdf5,temperatures,2714454,2722391
/global/cscratch1/sd/jialin/climate/oceanTemps.hdf5,temperatures,2722391,2730328
/global/cscratch1/sd/jialin/climate/oceanTemps.hdf5,temperatures,2730328,2738265
/global/cscratch1/sd/jialin/climate/oceanTemps.hdf5,temperatures,2738265,2746202
/global/cscratch1/sd/jialin/climate/oceanTemps.hdf5,temperatures,2746202,2754139
/global/cscratch1/sd/jialin/climate/oceanTemps.hdf5,temperatures,2754139,2762076
/global/cscratch1/sd/jialin/climate/oceanTemps.hdf5,temperatures,2762076,2770013
/global/cscratch1/sd/jialin/climate/oceanTemps.hdf5,temperatures,2770013,2777950
/global/cscratch1/sd/jialin/climate/oceanTemps.hdf5,temperatures,2777950,2785887
/global/cscratch1/sd/jialin/climate/oceanTemps.hdf5,temperatures,2785887,2793824
/global/cscratch1/sd/jialin/climate/oceanTemps.hdf5,temperatures,2793824,2801761
/global/cscratch1/sd/jialin/climate/oceanTemps.hdf5,temperatures,2801761,2809698
/global/cscratch1/sd/jialin/climate/oceanTemps.hdf5,temperatures,2809698,2817635
/global/cscratch1/sd/jialin/climate/oceanTemps.hdf5,temperatures,2817635,2825572
/global/cscratch1/sd/jialin/climate/oceanTemps.hdf5,temperatures,2825572,2833509
/global/cscratch1/sd/jialin/climate/oceanTemps.hdf5,temperatures,2833509,2841446
/global/cscratch1/sd/jialin/climate/oceanTemps.hdf5,temperatures,2841446,2849383
/global/cscratch1/sd/jialin/climate/oceanTemps.hdf5,temperatures,2849383,2857320
/global/cscratch1/sd/jialin/climate/oceanTemps.hdf5,temperatures,2857320,2865257
/global/cscratch1/sd/jialin/climate/oceanTemps.hdf5,temperatures,2865257,2873194
/global/cscratch1/sd/jialin/climate/oceanTemps.hdf5,temperatures,2873194,2881131
/global/cscratch1/sd/jialin/climate/oceanTemps.hdf5,temperatures,2881131,2889068
/global/cscratch1/sd/jialin/climate/oceanTemps.hdf5,temperatures,2889068,2897005
/global/cscratch1/sd/jialin/climate/oceanTemps.hdf5,temperatures,2897005,2904942
/global/cscratch1/sd/jialin/climate/oceanTemps.hdf5,temperatures,2904942,2912879
/global/cscratch1/sd/jialin/climate/oceanTemps.hdf5,temperatures,2912879,2920816
/global/cscratch1/sd/jialin/climate/oceanTemps.hdf5,temperatures,2920816,2928753
/global/cscratch1/sd/jialin/climate/oceanTemps.hdf5,temperatures,2928753,2936690
/global/cscratch1/sd/jialin/climate/oceanTemps.hdf5,temperatures,2936690,2944627
/global/cscratch1/sd/jialin/climate/oceanTemps.hdf5,temperatures,2944627,2952564
/global/cscratch1/sd/jialin/climate/oceanTemps.hdf5,temperatures,2952564,2960501
/global/cscratch1/sd/jialin/climate/oceanTemps.hdf5,temperatures,2960501,2968438
/global/cscratch1/sd/jialin/climate/oceanTemps.hdf5,temperatures,2968438,2976375
/global/cscratch1/sd/jialin/climate/oceanTemps.hdf5,temperatures,2976375,2984312
/global/cscratch1/sd/jialin/climate/oceanTemps.hdf5,temperatures,2984312,2992249
/global/cscratch1/sd/jialin/climate/oceanTemps.hdf5,temperatures,2992249,3000186
/global/cscratch1/sd/jialin/climate/oceanTemps.hdf5,temperatures,3000186,3008123
/global/cscratch1/sd/jialin/climate/oceanTemps.hdf5,temperatures,3008123,3016060
/global/cscratch1/sd/jialin/climate/oceanTemps.hdf5,temperatures,3016060,3023997
/global/cscratch1/sd/jialin/climate/oceanTemps.hdf5,temperatures,3023997,3031934
/global/cscratch1/sd/jialin/climate/oceanTemps.hdf5,temperatures,3031934,3039871
/global/cscratch1/sd/jialin/climate/oceanTemps.hdf5,temperatures,3039871,3047808
/global/cscratch1/sd/jialin/climate/oceanTemps.hdf5,temperatures,3047808,3055745
/global/cscratch1/sd/jialin/climate/oceanTemps.hdf5,temperatures,3055745,3063682
/global/cscratch1/sd/jialin/climate/oceanTemps.hdf5,temperatures,3063682,3071619
/global/cscratch1/sd/jialin/climate/oceanTemps.hdf5,temperatures,3071619,3079556
/global/cscratch1/sd/jialin/climate/oceanTemps.hdf5,temperatures,3079556,3087493
/global/cscratch1/sd/jialin/climate/oceanTemps.hdf5,temperatures,3087493,3095430
/global/cscratch1/sd/jialin/climate/oceanTemps.hdf5,temperatures,3095430,3103367
/global/cscratch1/sd/jialin/climate/oceanTemps.hdf5,temperatures,3103367,3111304
/global/cscratch1/sd/jialin/climate/oceanTemps.hdf5,temperatures,3111304,3119241
/global/cscratch1/sd/jialin/climate/oceanTemps.hdf5,temperatures,3119241,3127178
/global/cscratch1/sd/jialin/climate/oceanTemps.hdf5,temperatures,3127178,3135115
/global/cscratch1/sd/jialin/climate/oceanTemps.hdf5,temperatures,3135115,3143052
/global/cscratch1/sd/jialin/climate/oceanTemps.hdf5,temperatures,3143052,3150989
/global/cscratch1/sd/jialin/climate/oceanTemps.hdf5,temperatures,3150989,3158926
/global/cscratch1/sd/jialin/climate/oceanTemps.hdf5,temperatures,3158926,3166863
/global/cscratch1/sd/jialin/climate/oceanTemps.hdf5,temperatures,3166863,3174800
/global/cscratch1/sd/jialin/climate/oceanTemps.hdf5,temperatures,3174800,3182737
/global/cscratch1/sd/jialin/climate/oceanTemps.hdf5,temperatures,3182737,3190674
/global/cscratch1/sd/jialin/climate/oceanTemps.hdf5,temperatures,3190674,3198611
/global/cscratch1/sd/jialin/climate/oceanTemps.hdf5,temperatures,3198611,3206548
/global/cscratch1/sd/jialin/climate/oceanTemps.hdf5,temperatures,3206548,3214485
/global/cscratch1/sd/jialin/climate/oceanTemps.hdf5,temperatures,3214485,3222422
/global/cscratch1/sd/jialin/climate/oceanTemps.hdf5,temperatures,3222422,3230359
/global/cscratch1/sd/jialin/climate/oceanTemps.hdf5,temperatures,3230359,3238296
/global/cscratch1/sd/jialin/climate/oceanTemps.hdf5,temperatures,3238296,3246233
/global/cscratch1/sd/jialin/climate/oceanTemps.hdf5,temperatures,3246233,3254170
/global/cscratch1/sd/jialin/climate/oceanTemps.hdf5,temperatures,3254170,3262107
/global/cscratch1/sd/jialin/climate/oceanTemps.hdf5,temperatures,3262107,3270044
/global/cscratch1/sd/jialin/climate/oceanTemps.hdf5,temperatures,3270044,3277981
/global/cscratch1/sd/jialin/climate/oceanTemps.hdf5,temperatures,3277981,3285918
/global/cscratch1/sd/jialin/climate/oceanTemps.hdf5,temperatures,3285918,3293855
/global/cscratch1/sd/jialin/climate/oceanTemps.hdf5,temperatures,3293855,3301792
/global/cscratch1/sd/jialin/climate/oceanTemps.hdf5,temperatures,3301792,3309729
/global/cscratch1/sd/jialin/climate/oceanTemps.hdf5,temperatures,3309729,3317666
/global/cscratch1/sd/jialin/climate/oceanTemps.hdf5,temperatures,3317666,3325603
/global/cscratch1/sd/jialin/climate/oceanTemps.hdf5,temperatures,3325603,3333540
/global/cscratch1/sd/jialin/climate/oceanTemps.hdf5,temperatures,3333540,3341477
/global/cscratch1/sd/jialin/climate/oceanTemps.hdf5,temperatures,3341477,3349414
/global/cscratch1/sd/jialin/climate/oceanTemps.hdf5,temperatures,3349414,3357351
/global/cscratch1/sd/jialin/climate/oceanTemps.hdf5,temperatures,3357351,3365288
/global/cscratch1/sd/jialin/climate/oceanTemps.hdf5,temperatures,3365288,3373225
/global/cscratch1/sd/jialin/climate/oceanTemps.hdf5,temperatures,3373225,3381162
/global/cscratch1/sd/jialin/climate/oceanTemps.hdf5,temperatures,3381162,3389099
/global/cscratch1/sd/jialin/climate/oceanTemps.hdf5,temperatures,3389099,3397036
/global/cscratch1/sd/jialin/climate/oceanTemps.hdf5,temperatures,3397036,3404973
/global/cscratch1/sd/jialin/climate/oceanTemps.hdf5,temperatures,3404973,3412910
/global/cscratch1/sd/jialin/climate/oceanTemps.hdf5,temperatures,3412910,3420847
/global/cscratch1/sd/jialin/climate/oceanTemps.hdf5,temperatures,3420847,3428784
/global/cscratch1/sd/jialin/climate/oceanTemps.hdf5,temperatures,3428784,3436721
/global/cscratch1/sd/jialin/climate/oceanTemps.hdf5,temperatures,3436721,3444658
/global/cscratch1/sd/jialin/climate/oceanTemps.hdf5,temperatures,3444658,3452595
/global/cscratch1/sd/jialin/climate/oceanTemps.hdf5,temperatures,3452595,3460532
/global/cscratch1/sd/jialin/climate/oceanTemps.hdf5,temperatures,3460532,3468469
/global/cscratch1/sd/jialin/climate/oceanTemps.hdf5,temperatures,3468469,3476406
/global/cscratch1/sd/jialin/climate/oceanTemps.hdf5,temperatures,3476406,3484343
/global/cscratch1/sd/jialin/climate/oceanTemps.hdf5,temperatures,3484343,3492280
/global/cscratch1/sd/jialin/climate/oceanTemps.hdf5,temperatures,3492280,3500217
/global/cscratch1/sd/jialin/climate/oceanTemps.hdf5,temperatures,3500217,3508154
/global/cscratch1/sd/jialin/climate/oceanTemps.hdf5,temperatures,3508154,3516091
/global/cscratch1/sd/jialin/climate/oceanTemps.hdf5,temperatures,3516091,3524028
/global/cscratch1/sd/jialin/climate/oceanTemps.hdf5,temperatures,3524028,3531965
/global/cscratch1/sd/jialin/climate/oceanTemps.hdf5,temperatures,3531965,3539902
/global/cscratch1/sd/jialin/climate/oceanTemps.hdf5,temperatures,3539902,3547839
/global/cscratch1/sd/jialin/climate/oceanTemps.hdf5,temperatures,3547839,3555776
/global/cscratch1/sd/jialin/climate/oceanTemps.hdf5,temperatures,3555776,3563713
/global/cscratch1/sd/jialin/climate/oceanTemps.hdf5,temperatures,3563713,3571650
/global/cscratch1/sd/jialin/climate/oceanTemps.hdf5,temperatures,3571650,3579587
/global/cscratch1/sd/jialin/climate/oceanTemps.hdf5,temperatures,3579587,3587524
/global/cscratch1/sd/jialin/climate/oceanTemps.hdf5,temperatures,3587524,3595461
/global/cscratch1/sd/jialin/climate/oceanTemps.hdf5,temperatures,3595461,3603398
/global/cscratch1/sd/jialin/climate/oceanTemps.hdf5,temperatures,3603398,3611335
/global/cscratch1/sd/jialin/climate/oceanTemps.hdf5,temperatures,3611335,3619272
/global/cscratch1/sd/jialin/climate/oceanTemps.hdf5,temperatures,3619272,3627209
/global/cscratch1/sd/jialin/climate/oceanTemps.hdf5,temperatures,3627209,3635146
/global/cscratch1/sd/jialin/climate/oceanTemps.hdf5,temperatures,3635146,3643083
/global/cscratch1/sd/jialin/climate/oceanTemps.hdf5,temperatures,3643083,3651020
/global/cscratch1/sd/jialin/climate/oceanTemps.hdf5,temperatures,3651020,3658957
/global/cscratch1/sd/jialin/climate/oceanTemps.hdf5,temperatures,3658957,3666894
/global/cscratch1/sd/jialin/climate/oceanTemps.hdf5,temperatures,3666894,3674831
/global/cscratch1/sd/jialin/climate/oceanTemps.hdf5,temperatures,3674831,3682768
/global/cscratch1/sd/jialin/climate/oceanTemps.hdf5,temperatures,3682768,3690705
/global/cscratch1/sd/jialin/climate/oceanTemps.hdf5,temperatures,3690705,3698642
/global/cscratch1/sd/jialin/climate/oceanTemps.hdf5,temperatures,3698642,3706579
/global/cscratch1/sd/jialin/climate/oceanTemps.hdf5,temperatures,3706579,3714516
/global/cscratch1/sd/jialin/climate/oceanTemps.hdf5,temperatures,3714516,3722453
/global/cscratch1/sd/jialin/climate/oceanTemps.hdf5,temperatures,3722453,3730390
/global/cscratch1/sd/jialin/climate/oceanTemps.hdf5,temperatures,3730390,3738327
/global/cscratch1/sd/jialin/climate/oceanTemps.hdf5,temperatures,3738327,3746264
/global/cscratch1/sd/jialin/climate/oceanTemps.hdf5,temperatures,3746264,3754201
/global/cscratch1/sd/jialin/climate/oceanTemps.hdf5,temperatures,3754201,3762138
/global/cscratch1/sd/jialin/climate/oceanTemps.hdf5,temperatures,3762138,3770075
/global/cscratch1/sd/jialin/climate/oceanTemps.hdf5,temperatures,3770075,3778012
/global/cscratch1/sd/jialin/climate/oceanTemps.hdf5,temperatures,3778012,3785949
/global/cscratch1/sd/jialin/climate/oceanTemps.hdf5,temperatures,3785949,3793886
/global/cscratch1/sd/jialin/climate/oceanTemps.hdf5,temperatures,3793886,3801823
/global/cscratch1/sd/jialin/climate/oceanTemps.hdf5,temperatures,3801823,3809760
/global/cscratch1/sd/jialin/climate/oceanTemps.hdf5,temperatures,3809760,3817697
/global/cscratch1/sd/jialin/climate/oceanTemps.hdf5,temperatures,3817697,3825634
/global/cscratch1/sd/jialin/climate/oceanTemps.hdf5,temperatures,3825634,3833571
/global/cscratch1/sd/jialin/climate/oceanTemps.hdf5,temperatures,3833571,3841508
/global/cscratch1/sd/jialin/climate/oceanTemps.hdf5,temperatures,3841508,3849445
/global/cscratch1/sd/jialin/climate/oceanTemps.hdf5,temperatures,3849445,3857382
/global/cscratch1/sd/jialin/climate/oceanTemps.hdf5,temperatures,3857382,3865319
/global/cscratch1/sd/jialin/climate/oceanTemps.hdf5,temperatures,3865319,3873256
/global/cscratch1/sd/jialin/climate/oceanTemps.hdf5,temperatures,3873256,3881193
/global/cscratch1/sd/jialin/climate/oceanTemps.hdf5,temperatures,3881193,3889130
/global/cscratch1/sd/jialin/climate/oceanTemps.hdf5,temperatures,3889130,3897067
/global/cscratch1/sd/jialin/climate/oceanTemps.hdf5,temperatures,3897067,3905004
/global/cscratch1/sd/jialin/climate/oceanTemps.hdf5,temperatures,3905004,3912941
/global/cscratch1/sd/jialin/climate/oceanTemps.hdf5,temperatures,3912941,3920878
/global/cscratch1/sd/jialin/climate/oceanTemps.hdf5,temperatures,3920878,3928815
/global/cscratch1/sd/jialin/climate/oceanTemps.hdf5,temperatures,3928815,3936752
/global/cscratch1/sd/jialin/climate/oceanTemps.hdf5,temperatures,3936752,3944689
/global/cscratch1/sd/jialin/climate/oceanTemps.hdf5,temperatures,3944689,3952626
/global/cscratch1/sd/jialin/climate/oceanTemps.hdf5,temperatures,3952626,3960563
/global/cscratch1/sd/jialin/climate/oceanTemps.hdf5,temperatures,3960563,3968500
/global/cscratch1/sd/jialin/climate/oceanTemps.hdf5,temperatures,3968500,3976437
/global/cscratch1/sd/jialin/climate/oceanTemps.hdf5,temperatures,3976437,3984374
/global/cscratch1/sd/jialin/climate/oceanTemps.hdf5,temperatures,3984374,3992311
/global/cscratch1/sd/jialin/climate/oceanTemps.hdf5,temperatures,3992311,4000248
/global/cscratch1/sd/jialin/climate/oceanTemps.hdf5,temperatures,4000248,4008185
/global/cscratch1/sd/jialin/climate/oceanTemps.hdf5,temperatures,4008185,4016122
/global/cscratch1/sd/jialin/climate/oceanTemps.hdf5,temperatures,4016122,4024059
/global/cscratch1/sd/jialin/climate/oceanTemps.hdf5,temperatures,4024059,4031996
/global/cscratch1/sd/jialin/climate/oceanTemps.hdf5,temperatures,4031996,4039933
/global/cscratch1/sd/jialin/climate/oceanTemps.hdf5,temperatures,4039933,4047870
/global/cscratch1/sd/jialin/climate/oceanTemps.hdf5,temperatures,4047870,4055807
/global/cscratch1/sd/jialin/climate/oceanTemps.hdf5,temperatures,4055807,4063744
/global/cscratch1/sd/jialin/climate/oceanTemps.hdf5,temperatures,4063744,4071681
/global/cscratch1/sd/jialin/climate/oceanTemps.hdf5,temperatures,4071681,4079618
/global/cscratch1/sd/jialin/climate/oceanTemps.hdf5,temperatures,4079618,4087555
/global/cscratch1/sd/jialin/climate/oceanTemps.hdf5,temperatures,4087555,4095492
/global/cscratch1/sd/jialin/climate/oceanTemps.hdf5,temperatures,4095492,4103429
/global/cscratch1/sd/jialin/climate/oceanTemps.hdf5,temperatures,4103429,4111366
/global/cscratch1/sd/jialin/climate/oceanTemps.hdf5,temperatures,4111366,4119303
/global/cscratch1/sd/jialin/climate/oceanTemps.hdf5,temperatures,4119303,4127240
/global/cscratch1/sd/jialin/climate/oceanTemps.hdf5,temperatures,4127240,4135177
/global/cscratch1/sd/jialin/climate/oceanTemps.hdf5,temperatures,4135177,4143114
/global/cscratch1/sd/jialin/climate/oceanTemps.hdf5,temperatures,4143114,4151051
/global/cscratch1/sd/jialin/climate/oceanTemps.hdf5,temperatures,4151051,4158988
/global/cscratch1/sd/jialin/climate/oceanTemps.hdf5,temperatures,4158988,4166925
/global/cscratch1/sd/jialin/climate/oceanTemps.hdf5,temperatures,4166925,4174862
/global/cscratch1/sd/jialin/climate/oceanTemps.hdf5,temperatures,4174862,4182799
/global/cscratch1/sd/jialin/climate/oceanTemps.hdf5,temperatures,4182799,4190736
/global/cscratch1/sd/jialin/climate/oceanTemps.hdf5,temperatures,4190736,4198673
/global/cscratch1/sd/jialin/climate/oceanTemps.hdf5,temperatures,4198673,4206610
/global/cscratch1/sd/jialin/climate/oceanTemps.hdf5,temperatures,4206610,4214547
/global/cscratch1/sd/jialin/climate/oceanTemps.hdf5,temperatures,4214547,4222484
/global/cscratch1/sd/jialin/climate/oceanTemps.hdf5,temperatures,4222484,4230421
/global/cscratch1/sd/jialin/climate/oceanTemps.hdf5,temperatures,4230421,4238358
/global/cscratch1/sd/jialin/climate/oceanTemps.hdf5,temperatures,4238358,4246295
/global/cscratch1/sd/jialin/climate/oceanTemps.hdf5,temperatures,4246295,4254232
/global/cscratch1/sd/jialin/climate/oceanTemps.hdf5,temperatures,4254232,4262169
/global/cscratch1/sd/jialin/climate/oceanTemps.hdf5,temperatures,4262169,4270106
/global/cscratch1/sd/jialin/climate/oceanTemps.hdf5,temperatures,4270106,4278043
/global/cscratch1/sd/jialin/climate/oceanTemps.hdf5,temperatures,4278043,4285980
/global/cscratch1/sd/jialin/climate/oceanTemps.hdf5,temperatures,4285980,4293917
/global/cscratch1/sd/jialin/climate/oceanTemps.hdf5,temperatures,4293917,4301854
/global/cscratch1/sd/jialin/climate/oceanTemps.hdf5,temperatures,4301854,4309791
/global/cscratch1/sd/jialin/climate/oceanTemps.hdf5,temperatures,4309791,4317728
/global/cscratch1/sd/jialin/climate/oceanTemps.hdf5,temperatures,4317728,4325665
/global/cscratch1/sd/jialin/climate/oceanTemps.hdf5,temperatures,4325665,4333602
/global/cscratch1/sd/jialin/climate/oceanTemps.hdf5,temperatures,4333602,4341539
/global/cscratch1/sd/jialin/climate/oceanTemps.hdf5,temperatures,4341539,4349476
/global/cscratch1/sd/jialin/climate/oceanTemps.hdf5,temperatures,4349476,4357413
/global/cscratch1/sd/jialin/climate/oceanTemps.hdf5,temperatures,4357413,4365350
/global/cscratch1/sd/jialin/climate/oceanTemps.hdf5,temperatures,4365350,4373287
/global/cscratch1/sd/jialin/climate/oceanTemps.hdf5,temperatures,4373287,4381224
/global/cscratch1/sd/jialin/climate/oceanTemps.hdf5,temperatures,4381224,4389161
/global/cscratch1/sd/jialin/climate/oceanTemps.hdf5,temperatures,4389161,4397098
/global/cscratch1/sd/jialin/climate/oceanTemps.hdf5,temperatures,4397098,4405035
/global/cscratch1/sd/jialin/climate/oceanTemps.hdf5,temperatures,4405035,4412972
/global/cscratch1/sd/jialin/climate/oceanTemps.hdf5,temperatures,4412972,4420909
/global/cscratch1/sd/jialin/climate/oceanTemps.hdf5,temperatures,4420909,4428846
/global/cscratch1/sd/jialin/climate/oceanTemps.hdf5,temperatures,4428846,4436783
/global/cscratch1/sd/jialin/climate/oceanTemps.hdf5,temperatures,4436783,4444720
/global/cscratch1/sd/jialin/climate/oceanTemps.hdf5,temperatures,4444720,4452657
/global/cscratch1/sd/jialin/climate/oceanTemps.hdf5,temperatures,4452657,4460594
/global/cscratch1/sd/jialin/climate/oceanTemps.hdf5,temperatures,4460594,4468531
/global/cscratch1/sd/jialin/climate/oceanTemps.hdf5,temperatures,4468531,4476468
/global/cscratch1/sd/jialin/climate/oceanTemps.hdf5,temperatures,4476468,4484405
/global/cscratch1/sd/jialin/climate/oceanTemps.hdf5,temperatures,4484405,4492342
/global/cscratch1/sd/jialin/climate/oceanTemps.hdf5,temperatures,4492342,4500279
/global/cscratch1/sd/jialin/climate/oceanTemps.hdf5,temperatures,4500279,4508216
/global/cscratch1/sd/jialin/climate/oceanTemps.hdf5,temperatures,4508216,4516153
/global/cscratch1/sd/jialin/climate/oceanTemps.hdf5,temperatures,4516153,4524090
/global/cscratch1/sd/jialin/climate/oceanTemps.hdf5,temperatures,4524090,4532027
/global/cscratch1/sd/jialin/climate/oceanTemps.hdf5,temperatures,4532027,4539964
/global/cscratch1/sd/jialin/climate/oceanTemps.hdf5,temperatures,4539964,4547901
/global/cscratch1/sd/jialin/climate/oceanTemps.hdf5,temperatures,4547901,4555838
/global/cscratch1/sd/jialin/climate/oceanTemps.hdf5,temperatures,4555838,4563775
/global/cscratch1/sd/jialin/climate/oceanTemps.hdf5,temperatures,4563775,4571712
/global/cscratch1/sd/jialin/climate/oceanTemps.hdf5,temperatures,4571712,4579649
/global/cscratch1/sd/jialin/climate/oceanTemps.hdf5,temperatures,4579649,4587586
/global/cscratch1/sd/jialin/climate/oceanTemps.hdf5,temperatures,4587586,4595523
/global/cscratch1/sd/jialin/climate/oceanTemps.hdf5,temperatures,4595523,4603460
/global/cscratch1/sd/jialin/climate/oceanTemps.hdf5,temperatures,4603460,4611397
/global/cscratch1/sd/jialin/climate/oceanTemps.hdf5,temperatures,4611397,4619334
/global/cscratch1/sd/jialin/climate/oceanTemps.hdf5,temperatures,4619334,4627271
/global/cscratch1/sd/jialin/climate/oceanTemps.hdf5,temperatures,4627271,4635208
/global/cscratch1/sd/jialin/climate/oceanTemps.hdf5,temperatures,4635208,4643145
/global/cscratch1/sd/jialin/climate/oceanTemps.hdf5,temperatures,4643145,4651082
/global/cscratch1/sd/jialin/climate/oceanTemps.hdf5,temperatures,4651082,4659019
/global/cscratch1/sd/jialin/climate/oceanTemps.hdf5,temperatures,4659019,4666956
/global/cscratch1/sd/jialin/climate/oceanTemps.hdf5,temperatures,4666956,4674893
/global/cscratch1/sd/jialin/climate/oceanTemps.hdf5,temperatures,4674893,4682830
/global/cscratch1/sd/jialin/climate/oceanTemps.hdf5,temperatures,4682830,4690767
/global/cscratch1/sd/jialin/climate/oceanTemps.hdf5,temperatures,4690767,4698704
/global/cscratch1/sd/jialin/climate/oceanTemps.hdf5,temperatures,4698704,4706641
/global/cscratch1/sd/jialin/climate/oceanTemps.hdf5,temperatures,4706641,4714578
/global/cscratch1/sd/jialin/climate/oceanTemps.hdf5,temperatures,4714578,4722515
/global/cscratch1/sd/jialin/climate/oceanTemps.hdf5,temperatures,4722515,4730452
/global/cscratch1/sd/jialin/climate/oceanTemps.hdf5,temperatures,4730452,4738389
/global/cscratch1/sd/jialin/climate/oceanTemps.hdf5,temperatures,4738389,4746326
/global/cscratch1/sd/jialin/climate/oceanTemps.hdf5,temperatures,4746326,4754263
/global/cscratch1/sd/jialin/climate/oceanTemps.hdf5,temperatures,4754263,4762200
/global/cscratch1/sd/jialin/climate/oceanTemps.hdf5,temperatures,4762200,4770137
/global/cscratch1/sd/jialin/climate/oceanTemps.hdf5,temperatures,4770137,4778074
/global/cscratch1/sd/jialin/climate/oceanTemps.hdf5,temperatures,4778074,4786011
/global/cscratch1/sd/jialin/climate/oceanTemps.hdf5,temperatures,4786011,4793948
/global/cscratch1/sd/jialin/climate/oceanTemps.hdf5,temperatures,4793948,4801885
/global/cscratch1/sd/jialin/climate/oceanTemps.hdf5,temperatures,4801885,4809822
/global/cscratch1/sd/jialin/climate/oceanTemps.hdf5,temperatures,4809822,4817759
/global/cscratch1/sd/jialin/climate/oceanTemps.hdf5,temperatures,4817759,4825696
/global/cscratch1/sd/jialin/climate/oceanTemps.hdf5,temperatures,4825696,4833633
/global/cscratch1/sd/jialin/climate/oceanTemps.hdf5,temperatures,4833633,4841570
/global/cscratch1/sd/jialin/climate/oceanTemps.hdf5,temperatures,4841570,4849507
/global/cscratch1/sd/jialin/climate/oceanTemps.hdf5,temperatures,4849507,4857444
/global/cscratch1/sd/jialin/climate/oceanTemps.hdf5,temperatures,4857444,4865381
/global/cscratch1/sd/jialin/climate/oceanTemps.hdf5,temperatures,4865381,4873318
/global/cscratch1/sd/jialin/climate/oceanTemps.hdf5,temperatures,4873318,4881255
/global/cscratch1/sd/jialin/climate/oceanTemps.hdf5,temperatures,4881255,4889192
/global/cscratch1/sd/jialin/climate/oceanTemps.hdf5,temperatures,4889192,4897129
/global/cscratch1/sd/jialin/climate/oceanTemps.hdf5,temperatures,4897129,4905066
/global/cscratch1/sd/jialin/climate/oceanTemps.hdf5,temperatures,4905066,4913003
/global/cscratch1/sd/jialin/climate/oceanTemps.hdf5,temperatures,4913003,4920940
/global/cscratch1/sd/jialin/climate/oceanTemps.hdf5,temperatures,4920940,4928877
/global/cscratch1/sd/jialin/climate/oceanTemps.hdf5,temperatures,4928877,4936814
/global/cscratch1/sd/jialin/climate/oceanTemps.hdf5,temperatures,4936814,4944751
/global/cscratch1/sd/jialin/climate/oceanTemps.hdf5,temperatures,4944751,4952688
/global/cscratch1/sd/jialin/climate/oceanTemps.hdf5,temperatures,4952688,4960625
/global/cscratch1/sd/jialin/climate/oceanTemps.hdf5,temperatures,4960625,4968562
/global/cscratch1/sd/jialin/climate/oceanTemps.hdf5,temperatures,4968562,4976499
/global/cscratch1/sd/jialin/climate/oceanTemps.hdf5,temperatures,4976499,4984436
/global/cscratch1/sd/jialin/climate/oceanTemps.hdf5,temperatures,4984436,4992373
/global/cscratch1/sd/jialin/climate/oceanTemps.hdf5,temperatures,4992373,5000310
/global/cscratch1/sd/jialin/climate/oceanTemps.hdf5,temperatures,5000310,5008247
/global/cscratch1/sd/jialin/climate/oceanTemps.hdf5,temperatures,5008247,5016184
/global/cscratch1/sd/jialin/climate/oceanTemps.hdf5,temperatures,5016184,5024121
/global/cscratch1/sd/jialin/climate/oceanTemps.hdf5,temperatures,5024121,5032058
/global/cscratch1/sd/jialin/climate/oceanTemps.hdf5,temperatures,5032058,5039995
/global/cscratch1/sd/jialin/climate/oceanTemps.hdf5,temperatures,5039995,5047932
/global/cscratch1/sd/jialin/climate/oceanTemps.hdf5,temperatures,5047932,5055869
/global/cscratch1/sd/jialin/climate/oceanTemps.hdf5,temperatures,5055869,5063806
/global/cscratch1/sd/jialin/climate/oceanTemps.hdf5,temperatures,5063806,5071743
/global/cscratch1/sd/jialin/climate/oceanTemps.hdf5,temperatures,5071743,5079680
/global/cscratch1/sd/jialin/climate/oceanTemps.hdf5,temperatures,5079680,5087617
/global/cscratch1/sd/jialin/climate/oceanTemps.hdf5,temperatures,5087617,5095554
/global/cscratch1/sd/jialin/climate/oceanTemps.hdf5,temperatures,5095554,5103491
/global/cscratch1/sd/jialin/climate/oceanTemps.hdf5,temperatures,5103491,5111428
/global/cscratch1/sd/jialin/climate/oceanTemps.hdf5,temperatures,5111428,5119365
/global/cscratch1/sd/jialin/climate/oceanTemps.hdf5,temperatures,5119365,5127302
/global/cscratch1/sd/jialin/climate/oceanTemps.hdf5,temperatures,5127302,5135239
/global/cscratch1/sd/jialin/climate/oceanTemps.hdf5,temperatures,5135239,5143176
/global/cscratch1/sd/jialin/climate/oceanTemps.hdf5,temperatures,5143176,5151113
/global/cscratch1/sd/jialin/climate/oceanTemps.hdf5,temperatures,5151113,5159050
/global/cscratch1/sd/jialin/climate/oceanTemps.hdf5,temperatures,5159050,5166987
/global/cscratch1/sd/jialin/climate/oceanTemps.hdf5,temperatures,5166987,5174924
/global/cscratch1/sd/jialin/climate/oceanTemps.hdf5,temperatures,5174924,5182861
/global/cscratch1/sd/jialin/climate/oceanTemps.hdf5,temperatures,5182861,5190798
/global/cscratch1/sd/jialin/climate/oceanTemps.hdf5,temperatures,5190798,5198735
/global/cscratch1/sd/jialin/climate/oceanTemps.hdf5,temperatures,5198735,5206672
/global/cscratch1/sd/jialin/climate/oceanTemps.hdf5,temperatures,5206672,5214609
/global/cscratch1/sd/jialin/climate/oceanTemps.hdf5,temperatures,5214609,5222546
/global/cscratch1/sd/jialin/climate/oceanTemps.hdf5,temperatures,5222546,5230483
/global/cscratch1/sd/jialin/climate/oceanTemps.hdf5,temperatures,5230483,5238420
/global/cscratch1/sd/jialin/climate/oceanTemps.hdf5,temperatures,5238420,5246357
/global/cscratch1/sd/jialin/climate/oceanTemps.hdf5,temperatures,5246357,5254294
/global/cscratch1/sd/jialin/climate/oceanTemps.hdf5,temperatures,5254294,5262231
/global/cscratch1/sd/jialin/climate/oceanTemps.hdf5,temperatures,5262231,5270168
/global/cscratch1/sd/jialin/climate/oceanTemps.hdf5,temperatures,5270168,5278105
/global/cscratch1/sd/jialin/climate/oceanTemps.hdf5,temperatures,5278105,5286042
/global/cscratch1/sd/jialin/climate/oceanTemps.hdf5,temperatures,5286042,5293979
/global/cscratch1/sd/jialin/climate/oceanTemps.hdf5,temperatures,5293979,5301916
/global/cscratch1/sd/jialin/climate/oceanTemps.hdf5,temperatures,5301916,5309853
/global/cscratch1/sd/jialin/climate/oceanTemps.hdf5,temperatures,5309853,5317790
/global/cscratch1/sd/jialin/climate/oceanTemps.hdf5,temperatures,5317790,5325727
/global/cscratch1/sd/jialin/climate/oceanTemps.hdf5,temperatures,5325727,5333664
/global/cscratch1/sd/jialin/climate/oceanTemps.hdf5,temperatures,5333664,5341601
/global/cscratch1/sd/jialin/climate/oceanTemps.hdf5,temperatures,5341601,5349538
/global/cscratch1/sd/jialin/climate/oceanTemps.hdf5,temperatures,5349538,5357475
/global/cscratch1/sd/jialin/climate/oceanTemps.hdf5,temperatures,5357475,5365412
/global/cscratch1/sd/jialin/climate/oceanTemps.hdf5,temperatures,5365412,5373349
/global/cscratch1/sd/jialin/climate/oceanTemps.hdf5,temperatures,5373349,5381286
/global/cscratch1/sd/jialin/climate/oceanTemps.hdf5,temperatures,5381286,5389223
/global/cscratch1/sd/jialin/climate/oceanTemps.hdf5,temperatures,5389223,5397160
/global/cscratch1/sd/jialin/climate/oceanTemps.hdf5,temperatures,5397160,5405097
/global/cscratch1/sd/jialin/climate/oceanTemps.hdf5,temperatures,5405097,5413034
/global/cscratch1/sd/jialin/climate/oceanTemps.hdf5,temperatures,5413034,5420971
/global/cscratch1/sd/jialin/climate/oceanTemps.hdf5,temperatures,5420971,5428908
/global/cscratch1/sd/jialin/climate/oceanTemps.hdf5,temperatures,5428908,5436845
/global/cscratch1/sd/jialin/climate/oceanTemps.hdf5,temperatures,5436845,5444782
/global/cscratch1/sd/jialin/climate/oceanTemps.hdf5,temperatures,5444782,5452719
/global/cscratch1/sd/jialin/climate/oceanTemps.hdf5,temperatures,5452719,5460656
/global/cscratch1/sd/jialin/climate/oceanTemps.hdf5,temperatures,5460656,5468593
/global/cscratch1/sd/jialin/climate/oceanTemps.hdf5,temperatures,5468593,5476530
/global/cscratch1/sd/jialin/climate/oceanTemps.hdf5,temperatures,5476530,5484467
/global/cscratch1/sd/jialin/climate/oceanTemps.hdf5,temperatures,5484467,5492404
/global/cscratch1/sd/jialin/climate/oceanTemps.hdf5,temperatures,5492404,5500341
/global/cscratch1/sd/jialin/climate/oceanTemps.hdf5,temperatures,5500341,5508278
/global/cscratch1/sd/jialin/climate/oceanTemps.hdf5,temperatures,5508278,5516215
/global/cscratch1/sd/jialin/climate/oceanTemps.hdf5,temperatures,5516215,5524152
/global/cscratch1/sd/jialin/climate/oceanTemps.hdf5,temperatures,5524152,5532089
/global/cscratch1/sd/jialin/climate/oceanTemps.hdf5,temperatures,5532089,5540026
/global/cscratch1/sd/jialin/climate/oceanTemps.hdf5,temperatures,5540026,5547963
/global/cscratch1/sd/jialin/climate/oceanTemps.hdf5,temperatures,5547963,5555900
/global/cscratch1/sd/jialin/climate/oceanTemps.hdf5,temperatures,5555900,5563837
/global/cscratch1/sd/jialin/climate/oceanTemps.hdf5,temperatures,5563837,5571774
/global/cscratch1/sd/jialin/climate/oceanTemps.hdf5,temperatures,5571774,5579711
/global/cscratch1/sd/jialin/climate/oceanTemps.hdf5,temperatures,5579711,5587648
/global/cscratch1/sd/jialin/climate/oceanTemps.hdf5,temperatures,5587648,5595585
/global/cscratch1/sd/jialin/climate/oceanTemps.hdf5,temperatures,5595585,5603522
/global/cscratch1/sd/jialin/climate/oceanTemps.hdf5,temperatures,5603522,5611459
/global/cscratch1/sd/jialin/climate/oceanTemps.hdf5,temperatures,5611459,5619396
/global/cscratch1/sd/jialin/climate/oceanTemps.hdf5,temperatures,5619396,5627333
/global/cscratch1/sd/jialin/climate/oceanTemps.hdf5,temperatures,5627333,5635270
/global/cscratch1/sd/jialin/climate/oceanTemps.hdf5,temperatures,5635270,5643207
/global/cscratch1/sd/jialin/climate/oceanTemps.hdf5,temperatures,5643207,5651144
/global/cscratch1/sd/jialin/climate/oceanTemps.hdf5,temperatures,5651144,5659081
/global/cscratch1/sd/jialin/climate/oceanTemps.hdf5,temperatures,5659081,5667018
/global/cscratch1/sd/jialin/climate/oceanTemps.hdf5,temperatures,5667018,5674955
/global/cscratch1/sd/jialin/climate/oceanTemps.hdf5,temperatures,5674955,5682892
/global/cscratch1/sd/jialin/climate/oceanTemps.hdf5,temperatures,5682892,5690829
/global/cscratch1/sd/jialin/climate/oceanTemps.hdf5,temperatures,5690829,5698766
/global/cscratch1/sd/jialin/climate/oceanTemps.hdf5,temperatures,5698766,5706703
/global/cscratch1/sd/jialin/climate/oceanTemps.hdf5,temperatures,5706703,5714640
/global/cscratch1/sd/jialin/climate/oceanTemps.hdf5,temperatures,5714640,5722577
/global/cscratch1/sd/jialin/climate/oceanTemps.hdf5,temperatures,5722577,5730514
/global/cscratch1/sd/jialin/climate/oceanTemps.hdf5,temperatures,5730514,5738451
/global/cscratch1/sd/jialin/climate/oceanTemps.hdf5,temperatures,5738451,5746388
/global/cscratch1/sd/jialin/climate/oceanTemps.hdf5,temperatures,5746388,5754325
/global/cscratch1/sd/jialin/climate/oceanTemps.hdf5,temperatures,5754325,5762262
/global/cscratch1/sd/jialin/climate/oceanTemps.hdf5,temperatures,5762262,5770199
/global/cscratch1/sd/jialin/climate/oceanTemps.hdf5,temperatures,5770199,5778136
/global/cscratch1/sd/jialin/climate/oceanTemps.hdf5,temperatures,5778136,5786073
/global/cscratch1/sd/jialin/climate/oceanTemps.hdf5,temperatures,5786073,5794010
/global/cscratch1/sd/jialin/climate/oceanTemps.hdf5,temperatures,5794010,5801947
/global/cscratch1/sd/jialin/climate/oceanTemps.hdf5,temperatures,5801947,5809884
/global/cscratch1/sd/jialin/climate/oceanTemps.hdf5,temperatures,5809884,5817821
/global/cscratch1/sd/jialin/climate/oceanTemps.hdf5,temperatures,5817821,5825758
/global/cscratch1/sd/jialin/climate/oceanTemps.hdf5,temperatures,5825758,5833695
/global/cscratch1/sd/jialin/climate/oceanTemps.hdf5,temperatures,5833695,5841632
/global/cscratch1/sd/jialin/climate/oceanTemps.hdf5,temperatures,5841632,5849569
/global/cscratch1/sd/jialin/climate/oceanTemps.hdf5,temperatures,5849569,5857506
/global/cscratch1/sd/jialin/climate/oceanTemps.hdf5,temperatures,5857506,5865443
/global/cscratch1/sd/jialin/climate/oceanTemps.hdf5,temperatures,5865443,5873380
/global/cscratch1/sd/jialin/climate/oceanTemps.hdf5,temperatures,5873380,5881317
/global/cscratch1/sd/jialin/climate/oceanTemps.hdf5,temperatures,5881317,5889254
/global/cscratch1/sd/jialin/climate/oceanTemps.hdf5,temperatures,5889254,5897191
/global/cscratch1/sd/jialin/climate/oceanTemps.hdf5,temperatures,5897191,5905128
/global/cscratch1/sd/jialin/climate/oceanTemps.hdf5,temperatures,5905128,5913065
/global/cscratch1/sd/jialin/climate/oceanTemps.hdf5,temperatures,5913065,5921002
/global/cscratch1/sd/jialin/climate/oceanTemps.hdf5,temperatures,5921002,5928939
/global/cscratch1/sd/jialin/climate/oceanTemps.hdf5,temperatures,5928939,5936876
/global/cscratch1/sd/jialin/climate/oceanTemps.hdf5,temperatures,5936876,5944813
/global/cscratch1/sd/jialin/climate/oceanTemps.hdf5,temperatures,5944813,5952750
/global/cscratch1/sd/jialin/climate/oceanTemps.hdf5,temperatures,5952750,5960687
/global/cscratch1/sd/jialin/climate/oceanTemps.hdf5,temperatures,5960687,5968624
/global/cscratch1/sd/jialin/climate/oceanTemps.hdf5,temperatures,5968624,5976561
/global/cscratch1/sd/jialin/climate/oceanTemps.hdf5,temperatures,5976561,5984498
/global/cscratch1/sd/jialin/climate/oceanTemps.hdf5,temperatures,5984498,5992435
/global/cscratch1/sd/jialin/climate/oceanTemps.hdf5,temperatures,5992435,6000372
/global/cscratch1/sd/jialin/climate/oceanTemps.hdf5,temperatures,6000372,6008309
/global/cscratch1/sd/jialin/climate/oceanTemps.hdf5,temperatures,6008309,6016246
/global/cscratch1/sd/jialin/climate/oceanTemps.hdf5,temperatures,6016246,6024183
/global/cscratch1/sd/jialin/climate/oceanTemps.hdf5,temperatures,6024183,6032120
/global/cscratch1/sd/jialin/climate/oceanTemps.hdf5,temperatures,6032120,6040057
/global/cscratch1/sd/jialin/climate/oceanTemps.hdf5,temperatures,6040057,6047994
/global/cscratch1/sd/jialin/climate/oceanTemps.hdf5,temperatures,6047994,6055931
/global/cscratch1/sd/jialin/climate/oceanTemps.hdf5,temperatures,6055931,6063868
/global/cscratch1/sd/jialin/climate/oceanTemps.hdf5,temperatures,6063868,6071805
/global/cscratch1/sd/jialin/climate/oceanTemps.hdf5,temperatures,6071805,6079742
/global/cscratch1/sd/jialin/climate/oceanTemps.hdf5,temperatures,6079742,6087679
/global/cscratch1/sd/jialin/climate/oceanTemps.hdf5,temperatures,6087679,6095616
/global/cscratch1/sd/jialin/climate/oceanTemps.hdf5,temperatures,6095616,6103553
/global/cscratch1/sd/jialin/climate/oceanTemps.hdf5,temperatures,6103553,6111490
/global/cscratch1/sd/jialin/climate/oceanTemps.hdf5,temperatures,6111490,6119427
/global/cscratch1/sd/jialin/climate/oceanTemps.hdf5,temperatures,6119427,6127364
/global/cscratch1/sd/jialin/climate/oceanTemps.hdf5,temperatures,6127364,6135301
/global/cscratch1/sd/jialin/climate/oceanTemps.hdf5,temperatures,6135301,6143238
/global/cscratch1/sd/jialin/climate/oceanTemps.hdf5,temperatures,6143238,6151175
/global/cscratch1/sd/jialin/climate/oceanTemps.hdf5,temperatures,6151175,6159112
/global/cscratch1/sd/jialin/climate/oceanTemps.hdf5,temperatures,6159112,6167049
/global/cscratch1/sd/jialin/climate/oceanTemps.hdf5,temperatures,6167049,6174986
/global/cscratch1/sd/jialin/climate/oceanTemps.hdf5,temperatures,6174986,6182923
/global/cscratch1/sd/jialin/climate/oceanTemps.hdf5,temperatures,6182923,6190860
/global/cscratch1/sd/jialin/climate/oceanTemps.hdf5,temperatures,6190860,6198797
/global/cscratch1/sd/jialin/climate/oceanTemps.hdf5,temperatures,6198797,6206734
/global/cscratch1/sd/jialin/climate/oceanTemps.hdf5,temperatures,6206734,6214671
/global/cscratch1/sd/jialin/climate/oceanTemps.hdf5,temperatures,6214671,6222608
/global/cscratch1/sd/jialin/climate/oceanTemps.hdf5,temperatures,6222608,6230545
/global/cscratch1/sd/jialin/climate/oceanTemps.hdf5,temperatures,6230545,6238482
/global/cscratch1/sd/jialin/climate/oceanTemps.hdf5,temperatures,6238482,6246419
/global/cscratch1/sd/jialin/climate/oceanTemps.hdf5,temperatures,6246419,6254356
/global/cscratch1/sd/jialin/climate/oceanTemps.hdf5,temperatures,6254356,6262293
/global/cscratch1/sd/jialin/climate/oceanTemps.hdf5,temperatures,6262293,6270230
/global/cscratch1/sd/jialin/climate/oceanTemps.hdf5,temperatures,6270230,6278167
/global/cscratch1/sd/jialin/climate/oceanTemps.hdf5,temperatures,6278167,6286104
/global/cscratch1/sd/jialin/climate/oceanTemps.hdf5,temperatures,6286104,6294041
/global/cscratch1/sd/jialin/climate/oceanTemps.hdf5,temperatures,6294041,6301978
/global/cscratch1/sd/jialin/climate/oceanTemps.hdf5,temperatures,6301978,6309915
/global/cscratch1/sd/jialin/climate/oceanTemps.hdf5,temperatures,6309915,6317852
/global/cscratch1/sd/jialin/climate/oceanTemps.hdf5,temperatures,6317852,6325789
/global/cscratch1/sd/jialin/climate/oceanTemps.hdf5,temperatures,6325789,6333726
/global/cscratch1/sd/jialin/climate/oceanTemps.hdf5,temperatures,6333726,6341663
/global/cscratch1/sd/jialin/climate/oceanTemps.hdf5,temperatures,6341663,6349676
