/global/cscratch1/sd/jialin/climate/oceanTemps.hdf5,temperatures,0,2116
/global/cscratch1/sd/jialin/climate/oceanTemps.hdf5,temperatures,2116,4232
/global/cscratch1/sd/jialin/climate/oceanTemps.hdf5,temperatures,4232,6348
/global/cscratch1/sd/jialin/climate/oceanTemps.hdf5,temperatures,6348,8464
/global/cscratch1/sd/jialin/climate/oceanTemps.hdf5,temperatures,8464,10580
/global/cscratch1/sd/jialin/climate/oceanTemps.hdf5,temperatures,10580,12696
/global/cscratch1/sd/jialin/climate/oceanTemps.hdf5,temperatures,12696,14812
/global/cscratch1/sd/jialin/climate/oceanTemps.hdf5,temperatures,14812,16928
/global/cscratch1/sd/jialin/climate/oceanTemps.hdf5,temperatures,16928,19044
/global/cscratch1/sd/jialin/climate/oceanTemps.hdf5,temperatures,19044,21160
/global/cscratch1/sd/jialin/climate/oceanTemps.hdf5,temperatures,21160,23276
/global/cscratch1/sd/jialin/climate/oceanTemps.hdf5,temperatures,23276,25392
/global/cscratch1/sd/jialin/climate/oceanTemps.hdf5,temperatures,25392,27508
/global/cscratch1/sd/jialin/climate/oceanTemps.hdf5,temperatures,27508,29624
/global/cscratch1/sd/jialin/climate/oceanTemps.hdf5,temperatures,29624,31740
/global/cscratch1/sd/jialin/climate/oceanTemps.hdf5,temperatures,31740,33856
/global/cscratch1/sd/jialin/climate/oceanTemps.hdf5,temperatures,33856,35972
/global/cscratch1/sd/jialin/climate/oceanTemps.hdf5,temperatures,35972,38088
/global/cscratch1/sd/jialin/climate/oceanTemps.hdf5,temperatures,38088,40204
/global/cscratch1/sd/jialin/climate/oceanTemps.hdf5,temperatures,40204,42320
/global/cscratch1/sd/jialin/climate/oceanTemps.hdf5,temperatures,42320,44436
/global/cscratch1/sd/jialin/climate/oceanTemps.hdf5,temperatures,44436,46552
/global/cscratch1/sd/jialin/climate/oceanTemps.hdf5,temperatures,46552,48668
/global/cscratch1/sd/jialin/climate/oceanTemps.hdf5,temperatures,48668,50784
/global/cscratch1/sd/jialin/climate/oceanTemps.hdf5,temperatures,50784,52900
/global/cscratch1/sd/jialin/climate/oceanTemps.hdf5,temperatures,52900,55016
/global/cscratch1/sd/jialin/climate/oceanTemps.hdf5,temperatures,55016,57132
/global/cscratch1/sd/jialin/climate/oceanTemps.hdf5,temperatures,57132,59248
/global/cscratch1/sd/jialin/climate/oceanTemps.hdf5,temperatures,59248,61364
/global/cscratch1/sd/jialin/climate/oceanTemps.hdf5,temperatures,61364,63480
/global/cscratch1/sd/jialin/climate/oceanTemps.hdf5,temperatures,63480,65596
/global/cscratch1/sd/jialin/climate/oceanTemps.hdf5,temperatures,65596,67712
/global/cscratch1/sd/jialin/climate/oceanTemps.hdf5,temperatures,67712,69828
/global/cscratch1/sd/jialin/climate/oceanTemps.hdf5,temperatures,69828,71944
/global/cscratch1/sd/jialin/climate/oceanTemps.hdf5,temperatures,71944,74060
/global/cscratch1/sd/jialin/climate/oceanTemps.hdf5,temperatures,74060,76176
/global/cscratch1/sd/jialin/climate/oceanTemps.hdf5,temperatures,76176,78292
/global/cscratch1/sd/jialin/climate/oceanTemps.hdf5,temperatures,78292,80408
/global/cscratch1/sd/jialin/climate/oceanTemps.hdf5,temperatures,80408,82524
/global/cscratch1/sd/jialin/climate/oceanTemps.hdf5,temperatures,82524,84640
/global/cscratch1/sd/jialin/climate/oceanTemps.hdf5,temperatures,84640,86756
/global/cscratch1/sd/jialin/climate/oceanTemps.hdf5,temperatures,86756,88872
/global/cscratch1/sd/jialin/climate/oceanTemps.hdf5,temperatures,88872,90988
/global/cscratch1/sd/jialin/climate/oceanTemps.hdf5,temperatures,90988,93104
/global/cscratch1/sd/jialin/climate/oceanTemps.hdf5,temperatures,93104,95220
/global/cscratch1/sd/jialin/climate/oceanTemps.hdf5,temperatures,95220,97336
/global/cscratch1/sd/jialin/climate/oceanTemps.hdf5,temperatures,97336,99452
/global/cscratch1/sd/jialin/climate/oceanTemps.hdf5,temperatures,99452,101568
/global/cscratch1/sd/jialin/climate/oceanTemps.hdf5,temperatures,101568,103684
/global/cscratch1/sd/jialin/climate/oceanTemps.hdf5,temperatures,103684,105800
/global/cscratch1/sd/jialin/climate/oceanTemps.hdf5,temperatures,105800,107916
/global/cscratch1/sd/jialin/climate/oceanTemps.hdf5,temperatures,107916,110032
/global/cscratch1/sd/jialin/climate/oceanTemps.hdf5,temperatures,110032,112148
/global/cscratch1/sd/jialin/climate/oceanTemps.hdf5,temperatures,112148,114264
/global/cscratch1/sd/jialin/climate/oceanTemps.hdf5,temperatures,114264,116380
/global/cscratch1/sd/jialin/climate/oceanTemps.hdf5,temperatures,116380,118496
/global/cscratch1/sd/jialin/climate/oceanTemps.hdf5,temperatures,118496,120612
/global/cscratch1/sd/jialin/climate/oceanTemps.hdf5,temperatures,120612,122728
/global/cscratch1/sd/jialin/climate/oceanTemps.hdf5,temperatures,122728,124844
/global/cscratch1/sd/jialin/climate/oceanTemps.hdf5,temperatures,124844,126960
/global/cscratch1/sd/jialin/climate/oceanTemps.hdf5,temperatures,126960,129076
/global/cscratch1/sd/jialin/climate/oceanTemps.hdf5,temperatures,129076,131192
/global/cscratch1/sd/jialin/climate/oceanTemps.hdf5,temperatures,131192,133308
/global/cscratch1/sd/jialin/climate/oceanTemps.hdf5,temperatures,133308,135424
/global/cscratch1/sd/jialin/climate/oceanTemps.hdf5,temperatures,135424,137540
/global/cscratch1/sd/jialin/climate/oceanTemps.hdf5,temperatures,137540,139656
/global/cscratch1/sd/jialin/climate/oceanTemps.hdf5,temperatures,139656,141772
/global/cscratch1/sd/jialin/climate/oceanTemps.hdf5,temperatures,141772,143888
/global/cscratch1/sd/jialin/climate/oceanTemps.hdf5,temperatures,143888,146004
/global/cscratch1/sd/jialin/climate/oceanTemps.hdf5,temperatures,146004,148120
/global/cscratch1/sd/jialin/climate/oceanTemps.hdf5,temperatures,148120,150236
/global/cscratch1/sd/jialin/climate/oceanTemps.hdf5,temperatures,150236,152352
/global/cscratch1/sd/jialin/climate/oceanTemps.hdf5,temperatures,152352,154468
/global/cscratch1/sd/jialin/climate/oceanTemps.hdf5,temperatures,154468,156584
/global/cscratch1/sd/jialin/climate/oceanTemps.hdf5,temperatures,156584,158700
/global/cscratch1/sd/jialin/climate/oceanTemps.hdf5,temperatures,158700,160816
/global/cscratch1/sd/jialin/climate/oceanTemps.hdf5,temperatures,160816,162932
/global/cscratch1/sd/jialin/climate/oceanTemps.hdf5,temperatures,162932,165048
/global/cscratch1/sd/jialin/climate/oceanTemps.hdf5,temperatures,165048,167164
/global/cscratch1/sd/jialin/climate/oceanTemps.hdf5,temperatures,167164,169280
/global/cscratch1/sd/jialin/climate/oceanTemps.hdf5,temperatures,169280,171396
/global/cscratch1/sd/jialin/climate/oceanTemps.hdf5,temperatures,171396,173512
/global/cscratch1/sd/jialin/climate/oceanTemps.hdf5,temperatures,173512,175628
/global/cscratch1/sd/jialin/climate/oceanTemps.hdf5,temperatures,175628,177744
/global/cscratch1/sd/jialin/climate/oceanTemps.hdf5,temperatures,177744,179860
/global/cscratch1/sd/jialin/climate/oceanTemps.hdf5,temperatures,179860,181976
/global/cscratch1/sd/jialin/climate/oceanTemps.hdf5,temperatures,181976,184092
/global/cscratch1/sd/jialin/climate/oceanTemps.hdf5,temperatures,184092,186208
/global/cscratch1/sd/jialin/climate/oceanTemps.hdf5,temperatures,186208,188324
/global/cscratch1/sd/jialin/climate/oceanTemps.hdf5,temperatures,188324,190440
/global/cscratch1/sd/jialin/climate/oceanTemps.hdf5,temperatures,190440,192556
/global/cscratch1/sd/jialin/climate/oceanTemps.hdf5,temperatures,192556,194672
/global/cscratch1/sd/jialin/climate/oceanTemps.hdf5,temperatures,194672,196788
/global/cscratch1/sd/jialin/climate/oceanTemps.hdf5,temperatures,196788,198904
/global/cscratch1/sd/jialin/climate/oceanTemps.hdf5,temperatures,198904,201020
/global/cscratch1/sd/jialin/climate/oceanTemps.hdf5,temperatures,201020,203136
/global/cscratch1/sd/jialin/climate/oceanTemps.hdf5,temperatures,203136,205252
/global/cscratch1/sd/jialin/climate/oceanTemps.hdf5,temperatures,205252,207368
/global/cscratch1/sd/jialin/climate/oceanTemps.hdf5,temperatures,207368,209484
/global/cscratch1/sd/jialin/climate/oceanTemps.hdf5,temperatures,209484,211600
/global/cscratch1/sd/jialin/climate/oceanTemps.hdf5,temperatures,211600,213716
/global/cscratch1/sd/jialin/climate/oceanTemps.hdf5,temperatures,213716,215832
/global/cscratch1/sd/jialin/climate/oceanTemps.hdf5,temperatures,215832,217948
/global/cscratch1/sd/jialin/climate/oceanTemps.hdf5,temperatures,217948,220064
/global/cscratch1/sd/jialin/climate/oceanTemps.hdf5,temperatures,220064,222180
/global/cscratch1/sd/jialin/climate/oceanTemps.hdf5,temperatures,222180,224296
/global/cscratch1/sd/jialin/climate/oceanTemps.hdf5,temperatures,224296,226412
/global/cscratch1/sd/jialin/climate/oceanTemps.hdf5,temperatures,226412,228528
/global/cscratch1/sd/jialin/climate/oceanTemps.hdf5,temperatures,228528,230644
/global/cscratch1/sd/jialin/climate/oceanTemps.hdf5,temperatures,230644,232760
/global/cscratch1/sd/jialin/climate/oceanTemps.hdf5,temperatures,232760,234876
/global/cscratch1/sd/jialin/climate/oceanTemps.hdf5,temperatures,234876,236992
/global/cscratch1/sd/jialin/climate/oceanTemps.hdf5,temperatures,236992,239108
/global/cscratch1/sd/jialin/climate/oceanTemps.hdf5,temperatures,239108,241224
/global/cscratch1/sd/jialin/climate/oceanTemps.hdf5,temperatures,241224,243340
/global/cscratch1/sd/jialin/climate/oceanTemps.hdf5,temperatures,243340,245456
/global/cscratch1/sd/jialin/climate/oceanTemps.hdf5,temperatures,245456,247572
/global/cscratch1/sd/jialin/climate/oceanTemps.hdf5,temperatures,247572,249688
/global/cscratch1/sd/jialin/climate/oceanTemps.hdf5,temperatures,249688,251804
/global/cscratch1/sd/jialin/climate/oceanTemps.hdf5,temperatures,251804,253920
/global/cscratch1/sd/jialin/climate/oceanTemps.hdf5,temperatures,253920,256036
/global/cscratch1/sd/jialin/climate/oceanTemps.hdf5,temperatures,256036,258152
/global/cscratch1/sd/jialin/climate/oceanTemps.hdf5,temperatures,258152,260268
/global/cscratch1/sd/jialin/climate/oceanTemps.hdf5,temperatures,260268,262384
/global/cscratch1/sd/jialin/climate/oceanTemps.hdf5,temperatures,262384,264500
/global/cscratch1/sd/jialin/climate/oceanTemps.hdf5,temperatures,264500,266616
/global/cscratch1/sd/jialin/climate/oceanTemps.hdf5,temperatures,266616,268732
/global/cscratch1/sd/jialin/climate/oceanTemps.hdf5,temperatures,268732,270848
/global/cscratch1/sd/jialin/climate/oceanTemps.hdf5,temperatures,270848,272964
/global/cscratch1/sd/jialin/climate/oceanTemps.hdf5,temperatures,272964,275080
/global/cscratch1/sd/jialin/climate/oceanTemps.hdf5,temperatures,275080,277196
/global/cscratch1/sd/jialin/climate/oceanTemps.hdf5,temperatures,277196,279312
/global/cscratch1/sd/jialin/climate/oceanTemps.hdf5,temperatures,279312,281428
/global/cscratch1/sd/jialin/climate/oceanTemps.hdf5,temperatures,281428,283544
/global/cscratch1/sd/jialin/climate/oceanTemps.hdf5,temperatures,283544,285660
/global/cscratch1/sd/jialin/climate/oceanTemps.hdf5,temperatures,285660,287776
/global/cscratch1/sd/jialin/climate/oceanTemps.hdf5,temperatures,287776,289892
/global/cscratch1/sd/jialin/climate/oceanTemps.hdf5,temperatures,289892,292008
/global/cscratch1/sd/jialin/climate/oceanTemps.hdf5,temperatures,292008,294124
/global/cscratch1/sd/jialin/climate/oceanTemps.hdf5,temperatures,294124,296240
/global/cscratch1/sd/jialin/climate/oceanTemps.hdf5,temperatures,296240,298356
/global/cscratch1/sd/jialin/climate/oceanTemps.hdf5,temperatures,298356,300472
/global/cscratch1/sd/jialin/climate/oceanTemps.hdf5,temperatures,300472,302588
/global/cscratch1/sd/jialin/climate/oceanTemps.hdf5,temperatures,302588,304704
/global/cscratch1/sd/jialin/climate/oceanTemps.hdf5,temperatures,304704,306820
/global/cscratch1/sd/jialin/climate/oceanTemps.hdf5,temperatures,306820,308936
/global/cscratch1/sd/jialin/climate/oceanTemps.hdf5,temperatures,308936,311052
/global/cscratch1/sd/jialin/climate/oceanTemps.hdf5,temperatures,311052,313168
/global/cscratch1/sd/jialin/climate/oceanTemps.hdf5,temperatures,313168,315284
/global/cscratch1/sd/jialin/climate/oceanTemps.hdf5,temperatures,315284,317400
/global/cscratch1/sd/jialin/climate/oceanTemps.hdf5,temperatures,317400,319516
/global/cscratch1/sd/jialin/climate/oceanTemps.hdf5,temperatures,319516,321632
/global/cscratch1/sd/jialin/climate/oceanTemps.hdf5,temperatures,321632,323748
/global/cscratch1/sd/jialin/climate/oceanTemps.hdf5,temperatures,323748,325864
/global/cscratch1/sd/jialin/climate/oceanTemps.hdf5,temperatures,325864,327980
/global/cscratch1/sd/jialin/climate/oceanTemps.hdf5,temperatures,327980,330096
/global/cscratch1/sd/jialin/climate/oceanTemps.hdf5,temperatures,330096,332212
/global/cscratch1/sd/jialin/climate/oceanTemps.hdf5,temperatures,332212,334328
/global/cscratch1/sd/jialin/climate/oceanTemps.hdf5,temperatures,334328,336444
/global/cscratch1/sd/jialin/climate/oceanTemps.hdf5,temperatures,336444,338560
/global/cscratch1/sd/jialin/climate/oceanTemps.hdf5,temperatures,338560,340676
/global/cscratch1/sd/jialin/climate/oceanTemps.hdf5,temperatures,340676,342792
/global/cscratch1/sd/jialin/climate/oceanTemps.hdf5,temperatures,342792,344908
/global/cscratch1/sd/jialin/climate/oceanTemps.hdf5,temperatures,344908,347024
/global/cscratch1/sd/jialin/climate/oceanTemps.hdf5,temperatures,347024,349140
/global/cscratch1/sd/jialin/climate/oceanTemps.hdf5,temperatures,349140,351256
/global/cscratch1/sd/jialin/climate/oceanTemps.hdf5,temperatures,351256,353372
/global/cscratch1/sd/jialin/climate/oceanTemps.hdf5,temperatures,353372,355488
/global/cscratch1/sd/jialin/climate/oceanTemps.hdf5,temperatures,355488,357604
/global/cscratch1/sd/jialin/climate/oceanTemps.hdf5,temperatures,357604,359720
/global/cscratch1/sd/jialin/climate/oceanTemps.hdf5,temperatures,359720,361836
/global/cscratch1/sd/jialin/climate/oceanTemps.hdf5,temperatures,361836,363952
/global/cscratch1/sd/jialin/climate/oceanTemps.hdf5,temperatures,363952,366068
/global/cscratch1/sd/jialin/climate/oceanTemps.hdf5,temperatures,366068,368184
/global/cscratch1/sd/jialin/climate/oceanTemps.hdf5,temperatures,368184,370300
/global/cscratch1/sd/jialin/climate/oceanTemps.hdf5,temperatures,370300,372416
/global/cscratch1/sd/jialin/climate/oceanTemps.hdf5,temperatures,372416,374532
/global/cscratch1/sd/jialin/climate/oceanTemps.hdf5,temperatures,374532,376648
/global/cscratch1/sd/jialin/climate/oceanTemps.hdf5,temperatures,376648,378764
/global/cscratch1/sd/jialin/climate/oceanTemps.hdf5,temperatures,378764,380880
/global/cscratch1/sd/jialin/climate/oceanTemps.hdf5,temperatures,380880,382996
/global/cscratch1/sd/jialin/climate/oceanTemps.hdf5,temperatures,382996,385112
/global/cscratch1/sd/jialin/climate/oceanTemps.hdf5,temperatures,385112,387228
/global/cscratch1/sd/jialin/climate/oceanTemps.hdf5,temperatures,387228,389344
/global/cscratch1/sd/jialin/climate/oceanTemps.hdf5,temperatures,389344,391460
/global/cscratch1/sd/jialin/climate/oceanTemps.hdf5,temperatures,391460,393576
/global/cscratch1/sd/jialin/climate/oceanTemps.hdf5,temperatures,393576,395692
/global/cscratch1/sd/jialin/climate/oceanTemps.hdf5,temperatures,395692,397808
/global/cscratch1/sd/jialin/climate/oceanTemps.hdf5,temperatures,397808,399924
/global/cscratch1/sd/jialin/climate/oceanTemps.hdf5,temperatures,399924,402040
/global/cscratch1/sd/jialin/climate/oceanTemps.hdf5,temperatures,402040,404156
/global/cscratch1/sd/jialin/climate/oceanTemps.hdf5,temperatures,404156,406272
/global/cscratch1/sd/jialin/climate/oceanTemps.hdf5,temperatures,406272,408388
/global/cscratch1/sd/jialin/climate/oceanTemps.hdf5,temperatures,408388,410504
/global/cscratch1/sd/jialin/climate/oceanTemps.hdf5,temperatures,410504,412620
/global/cscratch1/sd/jialin/climate/oceanTemps.hdf5,temperatures,412620,414736
/global/cscratch1/sd/jialin/climate/oceanTemps.hdf5,temperatures,414736,416852
/global/cscratch1/sd/jialin/climate/oceanTemps.hdf5,temperatures,416852,418968
/global/cscratch1/sd/jialin/climate/oceanTemps.hdf5,temperatures,418968,421084
/global/cscratch1/sd/jialin/climate/oceanTemps.hdf5,temperatures,421084,423200
/global/cscratch1/sd/jialin/climate/oceanTemps.hdf5,temperatures,423200,425316
/global/cscratch1/sd/jialin/climate/oceanTemps.hdf5,temperatures,425316,427432
/global/cscratch1/sd/jialin/climate/oceanTemps.hdf5,temperatures,427432,429548
/global/cscratch1/sd/jialin/climate/oceanTemps.hdf5,temperatures,429548,431664
/global/cscratch1/sd/jialin/climate/oceanTemps.hdf5,temperatures,431664,433780
/global/cscratch1/sd/jialin/climate/oceanTemps.hdf5,temperatures,433780,435896
/global/cscratch1/sd/jialin/climate/oceanTemps.hdf5,temperatures,435896,438012
/global/cscratch1/sd/jialin/climate/oceanTemps.hdf5,temperatures,438012,440128
/global/cscratch1/sd/jialin/climate/oceanTemps.hdf5,temperatures,440128,442244
/global/cscratch1/sd/jialin/climate/oceanTemps.hdf5,temperatures,442244,444360
/global/cscratch1/sd/jialin/climate/oceanTemps.hdf5,temperatures,444360,446476
/global/cscratch1/sd/jialin/climate/oceanTemps.hdf5,temperatures,446476,448592
/global/cscratch1/sd/jialin/climate/oceanTemps.hdf5,temperatures,448592,450708
/global/cscratch1/sd/jialin/climate/oceanTemps.hdf5,temperatures,450708,452824
/global/cscratch1/sd/jialin/climate/oceanTemps.hdf5,temperatures,452824,454940
/global/cscratch1/sd/jialin/climate/oceanTemps.hdf5,temperatures,454940,457056
/global/cscratch1/sd/jialin/climate/oceanTemps.hdf5,temperatures,457056,459172
/global/cscratch1/sd/jialin/climate/oceanTemps.hdf5,temperatures,459172,461288
/global/cscratch1/sd/jialin/climate/oceanTemps.hdf5,temperatures,461288,463404
/global/cscratch1/sd/jialin/climate/oceanTemps.hdf5,temperatures,463404,465520
/global/cscratch1/sd/jialin/climate/oceanTemps.hdf5,temperatures,465520,467636
/global/cscratch1/sd/jialin/climate/oceanTemps.hdf5,temperatures,467636,469752
/global/cscratch1/sd/jialin/climate/oceanTemps.hdf5,temperatures,469752,471868
/global/cscratch1/sd/jialin/climate/oceanTemps.hdf5,temperatures,471868,473984
/global/cscratch1/sd/jialin/climate/oceanTemps.hdf5,temperatures,473984,476100
/global/cscratch1/sd/jialin/climate/oceanTemps.hdf5,temperatures,476100,478216
/global/cscratch1/sd/jialin/climate/oceanTemps.hdf5,temperatures,478216,480332
/global/cscratch1/sd/jialin/climate/oceanTemps.hdf5,temperatures,480332,482448
/global/cscratch1/sd/jialin/climate/oceanTemps.hdf5,temperatures,482448,484564
/global/cscratch1/sd/jialin/climate/oceanTemps.hdf5,temperatures,484564,486680
/global/cscratch1/sd/jialin/climate/oceanTemps.hdf5,temperatures,486680,488796
/global/cscratch1/sd/jialin/climate/oceanTemps.hdf5,temperatures,488796,490912
/global/cscratch1/sd/jialin/climate/oceanTemps.hdf5,temperatures,490912,493028
/global/cscratch1/sd/jialin/climate/oceanTemps.hdf5,temperatures,493028,495144
/global/cscratch1/sd/jialin/climate/oceanTemps.hdf5,temperatures,495144,497260
/global/cscratch1/sd/jialin/climate/oceanTemps.hdf5,temperatures,497260,499376
/global/cscratch1/sd/jialin/climate/oceanTemps.hdf5,temperatures,499376,501492
/global/cscratch1/sd/jialin/climate/oceanTemps.hdf5,temperatures,501492,503608
/global/cscratch1/sd/jialin/climate/oceanTemps.hdf5,temperatures,503608,505724
/global/cscratch1/sd/jialin/climate/oceanTemps.hdf5,temperatures,505724,507840
/global/cscratch1/sd/jialin/climate/oceanTemps.hdf5,temperatures,507840,509956
/global/cscratch1/sd/jialin/climate/oceanTemps.hdf5,temperatures,509956,512072
/global/cscratch1/sd/jialin/climate/oceanTemps.hdf5,temperatures,512072,514188
/global/cscratch1/sd/jialin/climate/oceanTemps.hdf5,temperatures,514188,516304
/global/cscratch1/sd/jialin/climate/oceanTemps.hdf5,temperatures,516304,518420
/global/cscratch1/sd/jialin/climate/oceanTemps.hdf5,temperatures,518420,520536
/global/cscratch1/sd/jialin/climate/oceanTemps.hdf5,temperatures,520536,522652
/global/cscratch1/sd/jialin/climate/oceanTemps.hdf5,temperatures,522652,524768
/global/cscratch1/sd/jialin/climate/oceanTemps.hdf5,temperatures,524768,526884
/global/cscratch1/sd/jialin/climate/oceanTemps.hdf5,temperatures,526884,529000
/global/cscratch1/sd/jialin/climate/oceanTemps.hdf5,temperatures,529000,531116
/global/cscratch1/sd/jialin/climate/oceanTemps.hdf5,temperatures,531116,533232
/global/cscratch1/sd/jialin/climate/oceanTemps.hdf5,temperatures,533232,535348
/global/cscratch1/sd/jialin/climate/oceanTemps.hdf5,temperatures,535348,537464
/global/cscratch1/sd/jialin/climate/oceanTemps.hdf5,temperatures,537464,539580
/global/cscratch1/sd/jialin/climate/oceanTemps.hdf5,temperatures,539580,541696
/global/cscratch1/sd/jialin/climate/oceanTemps.hdf5,temperatures,541696,543812
/global/cscratch1/sd/jialin/climate/oceanTemps.hdf5,temperatures,543812,545928
/global/cscratch1/sd/jialin/climate/oceanTemps.hdf5,temperatures,545928,548044
/global/cscratch1/sd/jialin/climate/oceanTemps.hdf5,temperatures,548044,550160
/global/cscratch1/sd/jialin/climate/oceanTemps.hdf5,temperatures,550160,552276
/global/cscratch1/sd/jialin/climate/oceanTemps.hdf5,temperatures,552276,554392
/global/cscratch1/sd/jialin/climate/oceanTemps.hdf5,temperatures,554392,556508
/global/cscratch1/sd/jialin/climate/oceanTemps.hdf5,temperatures,556508,558624
/global/cscratch1/sd/jialin/climate/oceanTemps.hdf5,temperatures,558624,560740
/global/cscratch1/sd/jialin/climate/oceanTemps.hdf5,temperatures,560740,562856
/global/cscratch1/sd/jialin/climate/oceanTemps.hdf5,temperatures,562856,564972
/global/cscratch1/sd/jialin/climate/oceanTemps.hdf5,temperatures,564972,567088
/global/cscratch1/sd/jialin/climate/oceanTemps.hdf5,temperatures,567088,569204
/global/cscratch1/sd/jialin/climate/oceanTemps.hdf5,temperatures,569204,571320
/global/cscratch1/sd/jialin/climate/oceanTemps.hdf5,temperatures,571320,573436
/global/cscratch1/sd/jialin/climate/oceanTemps.hdf5,temperatures,573436,575552
/global/cscratch1/sd/jialin/climate/oceanTemps.hdf5,temperatures,575552,577668
/global/cscratch1/sd/jialin/climate/oceanTemps.hdf5,temperatures,577668,579784
/global/cscratch1/sd/jialin/climate/oceanTemps.hdf5,temperatures,579784,581900
/global/cscratch1/sd/jialin/climate/oceanTemps.hdf5,temperatures,581900,584016
/global/cscratch1/sd/jialin/climate/oceanTemps.hdf5,temperatures,584016,586132
/global/cscratch1/sd/jialin/climate/oceanTemps.hdf5,temperatures,586132,588248
/global/cscratch1/sd/jialin/climate/oceanTemps.hdf5,temperatures,588248,590364
/global/cscratch1/sd/jialin/climate/oceanTemps.hdf5,temperatures,590364,592480
/global/cscratch1/sd/jialin/climate/oceanTemps.hdf5,temperatures,592480,594596
/global/cscratch1/sd/jialin/climate/oceanTemps.hdf5,temperatures,594596,596712
/global/cscratch1/sd/jialin/climate/oceanTemps.hdf5,temperatures,596712,598828
/global/cscratch1/sd/jialin/climate/oceanTemps.hdf5,temperatures,598828,600944
/global/cscratch1/sd/jialin/climate/oceanTemps.hdf5,temperatures,600944,603060
/global/cscratch1/sd/jialin/climate/oceanTemps.hdf5,temperatures,603060,605176
/global/cscratch1/sd/jialin/climate/oceanTemps.hdf5,temperatures,605176,607292
/global/cscratch1/sd/jialin/climate/oceanTemps.hdf5,temperatures,607292,609408
/global/cscratch1/sd/jialin/climate/oceanTemps.hdf5,temperatures,609408,611524
/global/cscratch1/sd/jialin/climate/oceanTemps.hdf5,temperatures,611524,613640
/global/cscratch1/sd/jialin/climate/oceanTemps.hdf5,temperatures,613640,615756
/global/cscratch1/sd/jialin/climate/oceanTemps.hdf5,temperatures,615756,617872
/global/cscratch1/sd/jialin/climate/oceanTemps.hdf5,temperatures,617872,619988
/global/cscratch1/sd/jialin/climate/oceanTemps.hdf5,temperatures,619988,622104
/global/cscratch1/sd/jialin/climate/oceanTemps.hdf5,temperatures,622104,624220
/global/cscratch1/sd/jialin/climate/oceanTemps.hdf5,temperatures,624220,626336
/global/cscratch1/sd/jialin/climate/oceanTemps.hdf5,temperatures,626336,628452
/global/cscratch1/sd/jialin/climate/oceanTemps.hdf5,temperatures,628452,630568
/global/cscratch1/sd/jialin/climate/oceanTemps.hdf5,temperatures,630568,632684
/global/cscratch1/sd/jialin/climate/oceanTemps.hdf5,temperatures,632684,634800
/global/cscratch1/sd/jialin/climate/oceanTemps.hdf5,temperatures,634800,636916
/global/cscratch1/sd/jialin/climate/oceanTemps.hdf5,temperatures,636916,639032
/global/cscratch1/sd/jialin/climate/oceanTemps.hdf5,temperatures,639032,641148
/global/cscratch1/sd/jialin/climate/oceanTemps.hdf5,temperatures,641148,643264
/global/cscratch1/sd/jialin/climate/oceanTemps.hdf5,temperatures,643264,645380
/global/cscratch1/sd/jialin/climate/oceanTemps.hdf5,temperatures,645380,647496
/global/cscratch1/sd/jialin/climate/oceanTemps.hdf5,temperatures,647496,649612
/global/cscratch1/sd/jialin/climate/oceanTemps.hdf5,temperatures,649612,651728
/global/cscratch1/sd/jialin/climate/oceanTemps.hdf5,temperatures,651728,653844
/global/cscratch1/sd/jialin/climate/oceanTemps.hdf5,temperatures,653844,655960
/global/cscratch1/sd/jialin/climate/oceanTemps.hdf5,temperatures,655960,658076
/global/cscratch1/sd/jialin/climate/oceanTemps.hdf5,temperatures,658076,660192
/global/cscratch1/sd/jialin/climate/oceanTemps.hdf5,temperatures,660192,662308
/global/cscratch1/sd/jialin/climate/oceanTemps.hdf5,temperatures,662308,664424
/global/cscratch1/sd/jialin/climate/oceanTemps.hdf5,temperatures,664424,666540
/global/cscratch1/sd/jialin/climate/oceanTemps.hdf5,temperatures,666540,668656
/global/cscratch1/sd/jialin/climate/oceanTemps.hdf5,temperatures,668656,670772
/global/cscratch1/sd/jialin/climate/oceanTemps.hdf5,temperatures,670772,672888
/global/cscratch1/sd/jialin/climate/oceanTemps.hdf5,temperatures,672888,675004
/global/cscratch1/sd/jialin/climate/oceanTemps.hdf5,temperatures,675004,677120
/global/cscratch1/sd/jialin/climate/oceanTemps.hdf5,temperatures,677120,679236
/global/cscratch1/sd/jialin/climate/oceanTemps.hdf5,temperatures,679236,681352
/global/cscratch1/sd/jialin/climate/oceanTemps.hdf5,temperatures,681352,683468
/global/cscratch1/sd/jialin/climate/oceanTemps.hdf5,temperatures,683468,685584
/global/cscratch1/sd/jialin/climate/oceanTemps.hdf5,temperatures,685584,687700
/global/cscratch1/sd/jialin/climate/oceanTemps.hdf5,temperatures,687700,689816
/global/cscratch1/sd/jialin/climate/oceanTemps.hdf5,temperatures,689816,691932
/global/cscratch1/sd/jialin/climate/oceanTemps.hdf5,temperatures,691932,694048
/global/cscratch1/sd/jialin/climate/oceanTemps.hdf5,temperatures,694048,696164
/global/cscratch1/sd/jialin/climate/oceanTemps.hdf5,temperatures,696164,698280
/global/cscratch1/sd/jialin/climate/oceanTemps.hdf5,temperatures,698280,700396
/global/cscratch1/sd/jialin/climate/oceanTemps.hdf5,temperatures,700396,702512
/global/cscratch1/sd/jialin/climate/oceanTemps.hdf5,temperatures,702512,704628
/global/cscratch1/sd/jialin/climate/oceanTemps.hdf5,temperatures,704628,706744
/global/cscratch1/sd/jialin/climate/oceanTemps.hdf5,temperatures,706744,708860
/global/cscratch1/sd/jialin/climate/oceanTemps.hdf5,temperatures,708860,710976
/global/cscratch1/sd/jialin/climate/oceanTemps.hdf5,temperatures,710976,713092
/global/cscratch1/sd/jialin/climate/oceanTemps.hdf5,temperatures,713092,715208
/global/cscratch1/sd/jialin/climate/oceanTemps.hdf5,temperatures,715208,717324
/global/cscratch1/sd/jialin/climate/oceanTemps.hdf5,temperatures,717324,719440
/global/cscratch1/sd/jialin/climate/oceanTemps.hdf5,temperatures,719440,721556
/global/cscratch1/sd/jialin/climate/oceanTemps.hdf5,temperatures,721556,723672
/global/cscratch1/sd/jialin/climate/oceanTemps.hdf5,temperatures,723672,725788
/global/cscratch1/sd/jialin/climate/oceanTemps.hdf5,temperatures,725788,727904
/global/cscratch1/sd/jialin/climate/oceanTemps.hdf5,temperatures,727904,730020
/global/cscratch1/sd/jialin/climate/oceanTemps.hdf5,temperatures,730020,732136
/global/cscratch1/sd/jialin/climate/oceanTemps.hdf5,temperatures,732136,734252
/global/cscratch1/sd/jialin/climate/oceanTemps.hdf5,temperatures,734252,736368
/global/cscratch1/sd/jialin/climate/oceanTemps.hdf5,temperatures,736368,738484
/global/cscratch1/sd/jialin/climate/oceanTemps.hdf5,temperatures,738484,740600
/global/cscratch1/sd/jialin/climate/oceanTemps.hdf5,temperatures,740600,742716
/global/cscratch1/sd/jialin/climate/oceanTemps.hdf5,temperatures,742716,744832
/global/cscratch1/sd/jialin/climate/oceanTemps.hdf5,temperatures,744832,746948
/global/cscratch1/sd/jialin/climate/oceanTemps.hdf5,temperatures,746948,749064
/global/cscratch1/sd/jialin/climate/oceanTemps.hdf5,temperatures,749064,751180
/global/cscratch1/sd/jialin/climate/oceanTemps.hdf5,temperatures,751180,753296
/global/cscratch1/sd/jialin/climate/oceanTemps.hdf5,temperatures,753296,755412
/global/cscratch1/sd/jialin/climate/oceanTemps.hdf5,temperatures,755412,757528
/global/cscratch1/sd/jialin/climate/oceanTemps.hdf5,temperatures,757528,759644
/global/cscratch1/sd/jialin/climate/oceanTemps.hdf5,temperatures,759644,761760
/global/cscratch1/sd/jialin/climate/oceanTemps.hdf5,temperatures,761760,763876
/global/cscratch1/sd/jialin/climate/oceanTemps.hdf5,temperatures,763876,765992
/global/cscratch1/sd/jialin/climate/oceanTemps.hdf5,temperatures,765992,768108
/global/cscratch1/sd/jialin/climate/oceanTemps.hdf5,temperatures,768108,770224
/global/cscratch1/sd/jialin/climate/oceanTemps.hdf5,temperatures,770224,772340
/global/cscratch1/sd/jialin/climate/oceanTemps.hdf5,temperatures,772340,774456
/global/cscratch1/sd/jialin/climate/oceanTemps.hdf5,temperatures,774456,776572
/global/cscratch1/sd/jialin/climate/oceanTemps.hdf5,temperatures,776572,778688
/global/cscratch1/sd/jialin/climate/oceanTemps.hdf5,temperatures,778688,780804
/global/cscratch1/sd/jialin/climate/oceanTemps.hdf5,temperatures,780804,782920
/global/cscratch1/sd/jialin/climate/oceanTemps.hdf5,temperatures,782920,785036
/global/cscratch1/sd/jialin/climate/oceanTemps.hdf5,temperatures,785036,787152
/global/cscratch1/sd/jialin/climate/oceanTemps.hdf5,temperatures,787152,789268
/global/cscratch1/sd/jialin/climate/oceanTemps.hdf5,temperatures,789268,791384
/global/cscratch1/sd/jialin/climate/oceanTemps.hdf5,temperatures,791384,793500
/global/cscratch1/sd/jialin/climate/oceanTemps.hdf5,temperatures,793500,795616
/global/cscratch1/sd/jialin/climate/oceanTemps.hdf5,temperatures,795616,797732
/global/cscratch1/sd/jialin/climate/oceanTemps.hdf5,temperatures,797732,799848
/global/cscratch1/sd/jialin/climate/oceanTemps.hdf5,temperatures,799848,801964
/global/cscratch1/sd/jialin/climate/oceanTemps.hdf5,temperatures,801964,804080
/global/cscratch1/sd/jialin/climate/oceanTemps.hdf5,temperatures,804080,806196
/global/cscratch1/sd/jialin/climate/oceanTemps.hdf5,temperatures,806196,808312
/global/cscratch1/sd/jialin/climate/oceanTemps.hdf5,temperatures,808312,810428
/global/cscratch1/sd/jialin/climate/oceanTemps.hdf5,temperatures,810428,812544
/global/cscratch1/sd/jialin/climate/oceanTemps.hdf5,temperatures,812544,814660
/global/cscratch1/sd/jialin/climate/oceanTemps.hdf5,temperatures,814660,816776
/global/cscratch1/sd/jialin/climate/oceanTemps.hdf5,temperatures,816776,818892
/global/cscratch1/sd/jialin/climate/oceanTemps.hdf5,temperatures,818892,821008
/global/cscratch1/sd/jialin/climate/oceanTemps.hdf5,temperatures,821008,823124
/global/cscratch1/sd/jialin/climate/oceanTemps.hdf5,temperatures,823124,825240
/global/cscratch1/sd/jialin/climate/oceanTemps.hdf5,temperatures,825240,827356
/global/cscratch1/sd/jialin/climate/oceanTemps.hdf5,temperatures,827356,829472
/global/cscratch1/sd/jialin/climate/oceanTemps.hdf5,temperatures,829472,831588
/global/cscratch1/sd/jialin/climate/oceanTemps.hdf5,temperatures,831588,833704
/global/cscratch1/sd/jialin/climate/oceanTemps.hdf5,temperatures,833704,835820
/global/cscratch1/sd/jialin/climate/oceanTemps.hdf5,temperatures,835820,837936
/global/cscratch1/sd/jialin/climate/oceanTemps.hdf5,temperatures,837936,840052
/global/cscratch1/sd/jialin/climate/oceanTemps.hdf5,temperatures,840052,842168
/global/cscratch1/sd/jialin/climate/oceanTemps.hdf5,temperatures,842168,844284
/global/cscratch1/sd/jialin/climate/oceanTemps.hdf5,temperatures,844284,846400
/global/cscratch1/sd/jialin/climate/oceanTemps.hdf5,temperatures,846400,848516
/global/cscratch1/sd/jialin/climate/oceanTemps.hdf5,temperatures,848516,850632
/global/cscratch1/sd/jialin/climate/oceanTemps.hdf5,temperatures,850632,852748
/global/cscratch1/sd/jialin/climate/oceanTemps.hdf5,temperatures,852748,854864
/global/cscratch1/sd/jialin/climate/oceanTemps.hdf5,temperatures,854864,856980
/global/cscratch1/sd/jialin/climate/oceanTemps.hdf5,temperatures,856980,859096
/global/cscratch1/sd/jialin/climate/oceanTemps.hdf5,temperatures,859096,861212
/global/cscratch1/sd/jialin/climate/oceanTemps.hdf5,temperatures,861212,863328
/global/cscratch1/sd/jialin/climate/oceanTemps.hdf5,temperatures,863328,865444
/global/cscratch1/sd/jialin/climate/oceanTemps.hdf5,temperatures,865444,867560
/global/cscratch1/sd/jialin/climate/oceanTemps.hdf5,temperatures,867560,869676
/global/cscratch1/sd/jialin/climate/oceanTemps.hdf5,temperatures,869676,871792
/global/cscratch1/sd/jialin/climate/oceanTemps.hdf5,temperatures,871792,873908
/global/cscratch1/sd/jialin/climate/oceanTemps.hdf5,temperatures,873908,876024
/global/cscratch1/sd/jialin/climate/oceanTemps.hdf5,temperatures,876024,878140
/global/cscratch1/sd/jialin/climate/oceanTemps.hdf5,temperatures,878140,880256
/global/cscratch1/sd/jialin/climate/oceanTemps.hdf5,temperatures,880256,882372
/global/cscratch1/sd/jialin/climate/oceanTemps.hdf5,temperatures,882372,884488
/global/cscratch1/sd/jialin/climate/oceanTemps.hdf5,temperatures,884488,886604
/global/cscratch1/sd/jialin/climate/oceanTemps.hdf5,temperatures,886604,888720
/global/cscratch1/sd/jialin/climate/oceanTemps.hdf5,temperatures,888720,890836
/global/cscratch1/sd/jialin/climate/oceanTemps.hdf5,temperatures,890836,892952
/global/cscratch1/sd/jialin/climate/oceanTemps.hdf5,temperatures,892952,895068
/global/cscratch1/sd/jialin/climate/oceanTemps.hdf5,temperatures,895068,897184
/global/cscratch1/sd/jialin/climate/oceanTemps.hdf5,temperatures,897184,899300
/global/cscratch1/sd/jialin/climate/oceanTemps.hdf5,temperatures,899300,901416
/global/cscratch1/sd/jialin/climate/oceanTemps.hdf5,temperatures,901416,903532
/global/cscratch1/sd/jialin/climate/oceanTemps.hdf5,temperatures,903532,905648
/global/cscratch1/sd/jialin/climate/oceanTemps.hdf5,temperatures,905648,907764
/global/cscratch1/sd/jialin/climate/oceanTemps.hdf5,temperatures,907764,909880
/global/cscratch1/sd/jialin/climate/oceanTemps.hdf5,temperatures,909880,911996
/global/cscratch1/sd/jialin/climate/oceanTemps.hdf5,temperatures,911996,914112
/global/cscratch1/sd/jialin/climate/oceanTemps.hdf5,temperatures,914112,916228
/global/cscratch1/sd/jialin/climate/oceanTemps.hdf5,temperatures,916228,918344
/global/cscratch1/sd/jialin/climate/oceanTemps.hdf5,temperatures,918344,920460
/global/cscratch1/sd/jialin/climate/oceanTemps.hdf5,temperatures,920460,922576
/global/cscratch1/sd/jialin/climate/oceanTemps.hdf5,temperatures,922576,924692
/global/cscratch1/sd/jialin/climate/oceanTemps.hdf5,temperatures,924692,926808
/global/cscratch1/sd/jialin/climate/oceanTemps.hdf5,temperatures,926808,928924
/global/cscratch1/sd/jialin/climate/oceanTemps.hdf5,temperatures,928924,931040
/global/cscratch1/sd/jialin/climate/oceanTemps.hdf5,temperatures,931040,933156
/global/cscratch1/sd/jialin/climate/oceanTemps.hdf5,temperatures,933156,935272
/global/cscratch1/sd/jialin/climate/oceanTemps.hdf5,temperatures,935272,937388
/global/cscratch1/sd/jialin/climate/oceanTemps.hdf5,temperatures,937388,939504
/global/cscratch1/sd/jialin/climate/oceanTemps.hdf5,temperatures,939504,941620
/global/cscratch1/sd/jialin/climate/oceanTemps.hdf5,temperatures,941620,943736
/global/cscratch1/sd/jialin/climate/oceanTemps.hdf5,temperatures,943736,945852
/global/cscratch1/sd/jialin/climate/oceanTemps.hdf5,temperatures,945852,947968
/global/cscratch1/sd/jialin/climate/oceanTemps.hdf5,temperatures,947968,950084
/global/cscratch1/sd/jialin/climate/oceanTemps.hdf5,temperatures,950084,952200
/global/cscratch1/sd/jialin/climate/oceanTemps.hdf5,temperatures,952200,954316
/global/cscratch1/sd/jialin/climate/oceanTemps.hdf5,temperatures,954316,956432
/global/cscratch1/sd/jialin/climate/oceanTemps.hdf5,temperatures,956432,958548
/global/cscratch1/sd/jialin/climate/oceanTemps.hdf5,temperatures,958548,960664
/global/cscratch1/sd/jialin/climate/oceanTemps.hdf5,temperatures,960664,962780
/global/cscratch1/sd/jialin/climate/oceanTemps.hdf5,temperatures,962780,964896
/global/cscratch1/sd/jialin/climate/oceanTemps.hdf5,temperatures,964896,967012
/global/cscratch1/sd/jialin/climate/oceanTemps.hdf5,temperatures,967012,969128
/global/cscratch1/sd/jialin/climate/oceanTemps.hdf5,temperatures,969128,971244
/global/cscratch1/sd/jialin/climate/oceanTemps.hdf5,temperatures,971244,973360
/global/cscratch1/sd/jialin/climate/oceanTemps.hdf5,temperatures,973360,975476
/global/cscratch1/sd/jialin/climate/oceanTemps.hdf5,temperatures,975476,977592
/global/cscratch1/sd/jialin/climate/oceanTemps.hdf5,temperatures,977592,979708
/global/cscratch1/sd/jialin/climate/oceanTemps.hdf5,temperatures,979708,981824
/global/cscratch1/sd/jialin/climate/oceanTemps.hdf5,temperatures,981824,983940
/global/cscratch1/sd/jialin/climate/oceanTemps.hdf5,temperatures,983940,986056
/global/cscratch1/sd/jialin/climate/oceanTemps.hdf5,temperatures,986056,988172
/global/cscratch1/sd/jialin/climate/oceanTemps.hdf5,temperatures,988172,990288
/global/cscratch1/sd/jialin/climate/oceanTemps.hdf5,temperatures,990288,992404
/global/cscratch1/sd/jialin/climate/oceanTemps.hdf5,temperatures,992404,994520
/global/cscratch1/sd/jialin/climate/oceanTemps.hdf5,temperatures,994520,996636
/global/cscratch1/sd/jialin/climate/oceanTemps.hdf5,temperatures,996636,998752
/global/cscratch1/sd/jialin/climate/oceanTemps.hdf5,temperatures,998752,1000868
/global/cscratch1/sd/jialin/climate/oceanTemps.hdf5,temperatures,1000868,1002984
/global/cscratch1/sd/jialin/climate/oceanTemps.hdf5,temperatures,1002984,1005100
/global/cscratch1/sd/jialin/climate/oceanTemps.hdf5,temperatures,1005100,1007216
/global/cscratch1/sd/jialin/climate/oceanTemps.hdf5,temperatures,1007216,1009332
/global/cscratch1/sd/jialin/climate/oceanTemps.hdf5,temperatures,1009332,1011448
/global/cscratch1/sd/jialin/climate/oceanTemps.hdf5,temperatures,1011448,1013564
/global/cscratch1/sd/jialin/climate/oceanTemps.hdf5,temperatures,1013564,1015680
/global/cscratch1/sd/jialin/climate/oceanTemps.hdf5,temperatures,1015680,1017796
/global/cscratch1/sd/jialin/climate/oceanTemps.hdf5,temperatures,1017796,1019912
/global/cscratch1/sd/jialin/climate/oceanTemps.hdf5,temperatures,1019912,1022028
/global/cscratch1/sd/jialin/climate/oceanTemps.hdf5,temperatures,1022028,1024144
/global/cscratch1/sd/jialin/climate/oceanTemps.hdf5,temperatures,1024144,1026260
/global/cscratch1/sd/jialin/climate/oceanTemps.hdf5,temperatures,1026260,1028376
/global/cscratch1/sd/jialin/climate/oceanTemps.hdf5,temperatures,1028376,1030492
/global/cscratch1/sd/jialin/climate/oceanTemps.hdf5,temperatures,1030492,1032608
/global/cscratch1/sd/jialin/climate/oceanTemps.hdf5,temperatures,1032608,1034724
/global/cscratch1/sd/jialin/climate/oceanTemps.hdf5,temperatures,1034724,1036840
/global/cscratch1/sd/jialin/climate/oceanTemps.hdf5,temperatures,1036840,1038956
/global/cscratch1/sd/jialin/climate/oceanTemps.hdf5,temperatures,1038956,1041072
/global/cscratch1/sd/jialin/climate/oceanTemps.hdf5,temperatures,1041072,1043188
/global/cscratch1/sd/jialin/climate/oceanTemps.hdf5,temperatures,1043188,1045304
/global/cscratch1/sd/jialin/climate/oceanTemps.hdf5,temperatures,1045304,1047420
/global/cscratch1/sd/jialin/climate/oceanTemps.hdf5,temperatures,1047420,1049536
/global/cscratch1/sd/jialin/climate/oceanTemps.hdf5,temperatures,1049536,1051652
/global/cscratch1/sd/jialin/climate/oceanTemps.hdf5,temperatures,1051652,1053768
/global/cscratch1/sd/jialin/climate/oceanTemps.hdf5,temperatures,1053768,1055884
/global/cscratch1/sd/jialin/climate/oceanTemps.hdf5,temperatures,1055884,1058000
/global/cscratch1/sd/jialin/climate/oceanTemps.hdf5,temperatures,1058000,1060116
/global/cscratch1/sd/jialin/climate/oceanTemps.hdf5,temperatures,1060116,1062232
/global/cscratch1/sd/jialin/climate/oceanTemps.hdf5,temperatures,1062232,1064348
/global/cscratch1/sd/jialin/climate/oceanTemps.hdf5,temperatures,1064348,1066464
/global/cscratch1/sd/jialin/climate/oceanTemps.hdf5,temperatures,1066464,1068580
/global/cscratch1/sd/jialin/climate/oceanTemps.hdf5,temperatures,1068580,1070696
/global/cscratch1/sd/jialin/climate/oceanTemps.hdf5,temperatures,1070696,1072812
/global/cscratch1/sd/jialin/climate/oceanTemps.hdf5,temperatures,1072812,1074928
/global/cscratch1/sd/jialin/climate/oceanTemps.hdf5,temperatures,1074928,1077044
/global/cscratch1/sd/jialin/climate/oceanTemps.hdf5,temperatures,1077044,1079160
/global/cscratch1/sd/jialin/climate/oceanTemps.hdf5,temperatures,1079160,1081276
/global/cscratch1/sd/jialin/climate/oceanTemps.hdf5,temperatures,1081276,1083392
/global/cscratch1/sd/jialin/climate/oceanTemps.hdf5,temperatures,1083392,1085508
/global/cscratch1/sd/jialin/climate/oceanTemps.hdf5,temperatures,1085508,1087624
/global/cscratch1/sd/jialin/climate/oceanTemps.hdf5,temperatures,1087624,1089740
/global/cscratch1/sd/jialin/climate/oceanTemps.hdf5,temperatures,1089740,1091856
/global/cscratch1/sd/jialin/climate/oceanTemps.hdf5,temperatures,1091856,1093972
/global/cscratch1/sd/jialin/climate/oceanTemps.hdf5,temperatures,1093972,1096088
/global/cscratch1/sd/jialin/climate/oceanTemps.hdf5,temperatures,1096088,1098204
/global/cscratch1/sd/jialin/climate/oceanTemps.hdf5,temperatures,1098204,1100320
/global/cscratch1/sd/jialin/climate/oceanTemps.hdf5,temperatures,1100320,1102436
/global/cscratch1/sd/jialin/climate/oceanTemps.hdf5,temperatures,1102436,1104552
/global/cscratch1/sd/jialin/climate/oceanTemps.hdf5,temperatures,1104552,1106668
/global/cscratch1/sd/jialin/climate/oceanTemps.hdf5,temperatures,1106668,1108784
/global/cscratch1/sd/jialin/climate/oceanTemps.hdf5,temperatures,1108784,1110900
/global/cscratch1/sd/jialin/climate/oceanTemps.hdf5,temperatures,1110900,1113016
/global/cscratch1/sd/jialin/climate/oceanTemps.hdf5,temperatures,1113016,1115132
/global/cscratch1/sd/jialin/climate/oceanTemps.hdf5,temperatures,1115132,1117248
/global/cscratch1/sd/jialin/climate/oceanTemps.hdf5,temperatures,1117248,1119364
/global/cscratch1/sd/jialin/climate/oceanTemps.hdf5,temperatures,1119364,1121480
/global/cscratch1/sd/jialin/climate/oceanTemps.hdf5,temperatures,1121480,1123596
/global/cscratch1/sd/jialin/climate/oceanTemps.hdf5,temperatures,1123596,1125712
/global/cscratch1/sd/jialin/climate/oceanTemps.hdf5,temperatures,1125712,1127828
/global/cscratch1/sd/jialin/climate/oceanTemps.hdf5,temperatures,1127828,1129944
/global/cscratch1/sd/jialin/climate/oceanTemps.hdf5,temperatures,1129944,1132060
/global/cscratch1/sd/jialin/climate/oceanTemps.hdf5,temperatures,1132060,1134176
/global/cscratch1/sd/jialin/climate/oceanTemps.hdf5,temperatures,1134176,1136292
/global/cscratch1/sd/jialin/climate/oceanTemps.hdf5,temperatures,1136292,1138408
/global/cscratch1/sd/jialin/climate/oceanTemps.hdf5,temperatures,1138408,1140524
/global/cscratch1/sd/jialin/climate/oceanTemps.hdf5,temperatures,1140524,1142640
/global/cscratch1/sd/jialin/climate/oceanTemps.hdf5,temperatures,1142640,1144756
/global/cscratch1/sd/jialin/climate/oceanTemps.hdf5,temperatures,1144756,1146872
/global/cscratch1/sd/jialin/climate/oceanTemps.hdf5,temperatures,1146872,1148988
/global/cscratch1/sd/jialin/climate/oceanTemps.hdf5,temperatures,1148988,1151104
/global/cscratch1/sd/jialin/climate/oceanTemps.hdf5,temperatures,1151104,1153220
/global/cscratch1/sd/jialin/climate/oceanTemps.hdf5,temperatures,1153220,1155336
/global/cscratch1/sd/jialin/climate/oceanTemps.hdf5,temperatures,1155336,1157452
/global/cscratch1/sd/jialin/climate/oceanTemps.hdf5,temperatures,1157452,1159568
/global/cscratch1/sd/jialin/climate/oceanTemps.hdf5,temperatures,1159568,1161684
/global/cscratch1/sd/jialin/climate/oceanTemps.hdf5,temperatures,1161684,1163800
/global/cscratch1/sd/jialin/climate/oceanTemps.hdf5,temperatures,1163800,1165916
/global/cscratch1/sd/jialin/climate/oceanTemps.hdf5,temperatures,1165916,1168032
/global/cscratch1/sd/jialin/climate/oceanTemps.hdf5,temperatures,1168032,1170148
/global/cscratch1/sd/jialin/climate/oceanTemps.hdf5,temperatures,1170148,1172264
/global/cscratch1/sd/jialin/climate/oceanTemps.hdf5,temperatures,1172264,1174380
/global/cscratch1/sd/jialin/climate/oceanTemps.hdf5,temperatures,1174380,1176496
/global/cscratch1/sd/jialin/climate/oceanTemps.hdf5,temperatures,1176496,1178612
/global/cscratch1/sd/jialin/climate/oceanTemps.hdf5,temperatures,1178612,1180728
/global/cscratch1/sd/jialin/climate/oceanTemps.hdf5,temperatures,1180728,1182844
/global/cscratch1/sd/jialin/climate/oceanTemps.hdf5,temperatures,1182844,1184960
/global/cscratch1/sd/jialin/climate/oceanTemps.hdf5,temperatures,1184960,1187076
/global/cscratch1/sd/jialin/climate/oceanTemps.hdf5,temperatures,1187076,1189192
/global/cscratch1/sd/jialin/climate/oceanTemps.hdf5,temperatures,1189192,1191308
/global/cscratch1/sd/jialin/climate/oceanTemps.hdf5,temperatures,1191308,1193424
/global/cscratch1/sd/jialin/climate/oceanTemps.hdf5,temperatures,1193424,1195540
/global/cscratch1/sd/jialin/climate/oceanTemps.hdf5,temperatures,1195540,1197656
/global/cscratch1/sd/jialin/climate/oceanTemps.hdf5,temperatures,1197656,1199772
/global/cscratch1/sd/jialin/climate/oceanTemps.hdf5,temperatures,1199772,1201888
/global/cscratch1/sd/jialin/climate/oceanTemps.hdf5,temperatures,1201888,1204004
/global/cscratch1/sd/jialin/climate/oceanTemps.hdf5,temperatures,1204004,1206120
/global/cscratch1/sd/jialin/climate/oceanTemps.hdf5,temperatures,1206120,1208236
/global/cscratch1/sd/jialin/climate/oceanTemps.hdf5,temperatures,1208236,1210352
/global/cscratch1/sd/jialin/climate/oceanTemps.hdf5,temperatures,1210352,1212468
/global/cscratch1/sd/jialin/climate/oceanTemps.hdf5,temperatures,1212468,1214584
/global/cscratch1/sd/jialin/climate/oceanTemps.hdf5,temperatures,1214584,1216700
/global/cscratch1/sd/jialin/climate/oceanTemps.hdf5,temperatures,1216700,1218816
/global/cscratch1/sd/jialin/climate/oceanTemps.hdf5,temperatures,1218816,1220932
/global/cscratch1/sd/jialin/climate/oceanTemps.hdf5,temperatures,1220932,1223048
/global/cscratch1/sd/jialin/climate/oceanTemps.hdf5,temperatures,1223048,1225164
/global/cscratch1/sd/jialin/climate/oceanTemps.hdf5,temperatures,1225164,1227280
/global/cscratch1/sd/jialin/climate/oceanTemps.hdf5,temperatures,1227280,1229396
/global/cscratch1/sd/jialin/climate/oceanTemps.hdf5,temperatures,1229396,1231512
/global/cscratch1/sd/jialin/climate/oceanTemps.hdf5,temperatures,1231512,1233628
/global/cscratch1/sd/jialin/climate/oceanTemps.hdf5,temperatures,1233628,1235744
/global/cscratch1/sd/jialin/climate/oceanTemps.hdf5,temperatures,1235744,1237860
/global/cscratch1/sd/jialin/climate/oceanTemps.hdf5,temperatures,1237860,1239976
/global/cscratch1/sd/jialin/climate/oceanTemps.hdf5,temperatures,1239976,1242092
/global/cscratch1/sd/jialin/climate/oceanTemps.hdf5,temperatures,1242092,1244208
/global/cscratch1/sd/jialin/climate/oceanTemps.hdf5,temperatures,1244208,1246324
/global/cscratch1/sd/jialin/climate/oceanTemps.hdf5,temperatures,1246324,1248440
/global/cscratch1/sd/jialin/climate/oceanTemps.hdf5,temperatures,1248440,1250556
/global/cscratch1/sd/jialin/climate/oceanTemps.hdf5,temperatures,1250556,1252672
/global/cscratch1/sd/jialin/climate/oceanTemps.hdf5,temperatures,1252672,1254788
/global/cscratch1/sd/jialin/climate/oceanTemps.hdf5,temperatures,1254788,1256904
/global/cscratch1/sd/jialin/climate/oceanTemps.hdf5,temperatures,1256904,1259020
/global/cscratch1/sd/jialin/climate/oceanTemps.hdf5,temperatures,1259020,1261136
/global/cscratch1/sd/jialin/climate/oceanTemps.hdf5,temperatures,1261136,1263252
/global/cscratch1/sd/jialin/climate/oceanTemps.hdf5,temperatures,1263252,1265368
/global/cscratch1/sd/jialin/climate/oceanTemps.hdf5,temperatures,1265368,1267484
/global/cscratch1/sd/jialin/climate/oceanTemps.hdf5,temperatures,1267484,1269600
/global/cscratch1/sd/jialin/climate/oceanTemps.hdf5,temperatures,1269600,1271716
/global/cscratch1/sd/jialin/climate/oceanTemps.hdf5,temperatures,1271716,1273832
/global/cscratch1/sd/jialin/climate/oceanTemps.hdf5,temperatures,1273832,1275948
/global/cscratch1/sd/jialin/climate/oceanTemps.hdf5,temperatures,1275948,1278064
/global/cscratch1/sd/jialin/climate/oceanTemps.hdf5,temperatures,1278064,1280180
/global/cscratch1/sd/jialin/climate/oceanTemps.hdf5,temperatures,1280180,1282296
/global/cscratch1/sd/jialin/climate/oceanTemps.hdf5,temperatures,1282296,1284412
/global/cscratch1/sd/jialin/climate/oceanTemps.hdf5,temperatures,1284412,1286528
/global/cscratch1/sd/jialin/climate/oceanTemps.hdf5,temperatures,1286528,1288644
/global/cscratch1/sd/jialin/climate/oceanTemps.hdf5,temperatures,1288644,1290760
/global/cscratch1/sd/jialin/climate/oceanTemps.hdf5,temperatures,1290760,1292876
/global/cscratch1/sd/jialin/climate/oceanTemps.hdf5,temperatures,1292876,1294992
/global/cscratch1/sd/jialin/climate/oceanTemps.hdf5,temperatures,1294992,1297108
/global/cscratch1/sd/jialin/climate/oceanTemps.hdf5,temperatures,1297108,1299224
/global/cscratch1/sd/jialin/climate/oceanTemps.hdf5,temperatures,1299224,1301340
/global/cscratch1/sd/jialin/climate/oceanTemps.hdf5,temperatures,1301340,1303456
/global/cscratch1/sd/jialin/climate/oceanTemps.hdf5,temperatures,1303456,1305572
/global/cscratch1/sd/jialin/climate/oceanTemps.hdf5,temperatures,1305572,1307688
/global/cscratch1/sd/jialin/climate/oceanTemps.hdf5,temperatures,1307688,1309804
/global/cscratch1/sd/jialin/climate/oceanTemps.hdf5,temperatures,1309804,1311920
/global/cscratch1/sd/jialin/climate/oceanTemps.hdf5,temperatures,1311920,1314036
/global/cscratch1/sd/jialin/climate/oceanTemps.hdf5,temperatures,1314036,1316152
/global/cscratch1/sd/jialin/climate/oceanTemps.hdf5,temperatures,1316152,1318268
/global/cscratch1/sd/jialin/climate/oceanTemps.hdf5,temperatures,1318268,1320384
/global/cscratch1/sd/jialin/climate/oceanTemps.hdf5,temperatures,1320384,1322500
/global/cscratch1/sd/jialin/climate/oceanTemps.hdf5,temperatures,1322500,1324616
/global/cscratch1/sd/jialin/climate/oceanTemps.hdf5,temperatures,1324616,1326732
/global/cscratch1/sd/jialin/climate/oceanTemps.hdf5,temperatures,1326732,1328848
/global/cscratch1/sd/jialin/climate/oceanTemps.hdf5,temperatures,1328848,1330964
/global/cscratch1/sd/jialin/climate/oceanTemps.hdf5,temperatures,1330964,1333080
/global/cscratch1/sd/jialin/climate/oceanTemps.hdf5,temperatures,1333080,1335196
/global/cscratch1/sd/jialin/climate/oceanTemps.hdf5,temperatures,1335196,1337312
/global/cscratch1/sd/jialin/climate/oceanTemps.hdf5,temperatures,1337312,1339428
/global/cscratch1/sd/jialin/climate/oceanTemps.hdf5,temperatures,1339428,1341544
/global/cscratch1/sd/jialin/climate/oceanTemps.hdf5,temperatures,1341544,1343660
/global/cscratch1/sd/jialin/climate/oceanTemps.hdf5,temperatures,1343660,1345776
/global/cscratch1/sd/jialin/climate/oceanTemps.hdf5,temperatures,1345776,1347892
/global/cscratch1/sd/jialin/climate/oceanTemps.hdf5,temperatures,1347892,1350008
/global/cscratch1/sd/jialin/climate/oceanTemps.hdf5,temperatures,1350008,1352124
/global/cscratch1/sd/jialin/climate/oceanTemps.hdf5,temperatures,1352124,1354240
/global/cscratch1/sd/jialin/climate/oceanTemps.hdf5,temperatures,1354240,1356356
/global/cscratch1/sd/jialin/climate/oceanTemps.hdf5,temperatures,1356356,1358472
/global/cscratch1/sd/jialin/climate/oceanTemps.hdf5,temperatures,1358472,1360588
/global/cscratch1/sd/jialin/climate/oceanTemps.hdf5,temperatures,1360588,1362704
/global/cscratch1/sd/jialin/climate/oceanTemps.hdf5,temperatures,1362704,1364820
/global/cscratch1/sd/jialin/climate/oceanTemps.hdf5,temperatures,1364820,1366936
/global/cscratch1/sd/jialin/climate/oceanTemps.hdf5,temperatures,1366936,1369052
/global/cscratch1/sd/jialin/climate/oceanTemps.hdf5,temperatures,1369052,1371168
/global/cscratch1/sd/jialin/climate/oceanTemps.hdf5,temperatures,1371168,1373284
/global/cscratch1/sd/jialin/climate/oceanTemps.hdf5,temperatures,1373284,1375400
/global/cscratch1/sd/jialin/climate/oceanTemps.hdf5,temperatures,1375400,1377516
/global/cscratch1/sd/jialin/climate/oceanTemps.hdf5,temperatures,1377516,1379632
/global/cscratch1/sd/jialin/climate/oceanTemps.hdf5,temperatures,1379632,1381748
/global/cscratch1/sd/jialin/climate/oceanTemps.hdf5,temperatures,1381748,1383864
/global/cscratch1/sd/jialin/climate/oceanTemps.hdf5,temperatures,1383864,1385980
/global/cscratch1/sd/jialin/climate/oceanTemps.hdf5,temperatures,1385980,1388096
/global/cscratch1/sd/jialin/climate/oceanTemps.hdf5,temperatures,1388096,1390212
/global/cscratch1/sd/jialin/climate/oceanTemps.hdf5,temperatures,1390212,1392328
/global/cscratch1/sd/jialin/climate/oceanTemps.hdf5,temperatures,1392328,1394444
/global/cscratch1/sd/jialin/climate/oceanTemps.hdf5,temperatures,1394444,1396560
/global/cscratch1/sd/jialin/climate/oceanTemps.hdf5,temperatures,1396560,1398676
/global/cscratch1/sd/jialin/climate/oceanTemps.hdf5,temperatures,1398676,1400792
/global/cscratch1/sd/jialin/climate/oceanTemps.hdf5,temperatures,1400792,1402908
/global/cscratch1/sd/jialin/climate/oceanTemps.hdf5,temperatures,1402908,1405024
/global/cscratch1/sd/jialin/climate/oceanTemps.hdf5,temperatures,1405024,1407140
/global/cscratch1/sd/jialin/climate/oceanTemps.hdf5,temperatures,1407140,1409256
/global/cscratch1/sd/jialin/climate/oceanTemps.hdf5,temperatures,1409256,1411372
/global/cscratch1/sd/jialin/climate/oceanTemps.hdf5,temperatures,1411372,1413488
/global/cscratch1/sd/jialin/climate/oceanTemps.hdf5,temperatures,1413488,1415604
/global/cscratch1/sd/jialin/climate/oceanTemps.hdf5,temperatures,1415604,1417720
/global/cscratch1/sd/jialin/climate/oceanTemps.hdf5,temperatures,1417720,1419836
/global/cscratch1/sd/jialin/climate/oceanTemps.hdf5,temperatures,1419836,1421952
/global/cscratch1/sd/jialin/climate/oceanTemps.hdf5,temperatures,1421952,1424068
/global/cscratch1/sd/jialin/climate/oceanTemps.hdf5,temperatures,1424068,1426184
/global/cscratch1/sd/jialin/climate/oceanTemps.hdf5,temperatures,1426184,1428300
/global/cscratch1/sd/jialin/climate/oceanTemps.hdf5,temperatures,1428300,1430416
/global/cscratch1/sd/jialin/climate/oceanTemps.hdf5,temperatures,1430416,1432532
/global/cscratch1/sd/jialin/climate/oceanTemps.hdf5,temperatures,1432532,1434648
/global/cscratch1/sd/jialin/climate/oceanTemps.hdf5,temperatures,1434648,1436764
/global/cscratch1/sd/jialin/climate/oceanTemps.hdf5,temperatures,1436764,1438880
/global/cscratch1/sd/jialin/climate/oceanTemps.hdf5,temperatures,1438880,1440996
/global/cscratch1/sd/jialin/climate/oceanTemps.hdf5,temperatures,1440996,1443112
/global/cscratch1/sd/jialin/climate/oceanTemps.hdf5,temperatures,1443112,1445228
/global/cscratch1/sd/jialin/climate/oceanTemps.hdf5,temperatures,1445228,1447344
/global/cscratch1/sd/jialin/climate/oceanTemps.hdf5,temperatures,1447344,1449460
/global/cscratch1/sd/jialin/climate/oceanTemps.hdf5,temperatures,1449460,1451576
/global/cscratch1/sd/jialin/climate/oceanTemps.hdf5,temperatures,1451576,1453692
/global/cscratch1/sd/jialin/climate/oceanTemps.hdf5,temperatures,1453692,1455808
/global/cscratch1/sd/jialin/climate/oceanTemps.hdf5,temperatures,1455808,1457924
/global/cscratch1/sd/jialin/climate/oceanTemps.hdf5,temperatures,1457924,1460040
/global/cscratch1/sd/jialin/climate/oceanTemps.hdf5,temperatures,1460040,1462156
/global/cscratch1/sd/jialin/climate/oceanTemps.hdf5,temperatures,1462156,1464272
/global/cscratch1/sd/jialin/climate/oceanTemps.hdf5,temperatures,1464272,1466388
/global/cscratch1/sd/jialin/climate/oceanTemps.hdf5,temperatures,1466388,1468504
/global/cscratch1/sd/jialin/climate/oceanTemps.hdf5,temperatures,1468504,1470620
/global/cscratch1/sd/jialin/climate/oceanTemps.hdf5,temperatures,1470620,1472736
/global/cscratch1/sd/jialin/climate/oceanTemps.hdf5,temperatures,1472736,1474852
/global/cscratch1/sd/jialin/climate/oceanTemps.hdf5,temperatures,1474852,1476968
/global/cscratch1/sd/jialin/climate/oceanTemps.hdf5,temperatures,1476968,1479084
/global/cscratch1/sd/jialin/climate/oceanTemps.hdf5,temperatures,1479084,1481200
/global/cscratch1/sd/jialin/climate/oceanTemps.hdf5,temperatures,1481200,1483316
/global/cscratch1/sd/jialin/climate/oceanTemps.hdf5,temperatures,1483316,1485432
/global/cscratch1/sd/jialin/climate/oceanTemps.hdf5,temperatures,1485432,1487548
/global/cscratch1/sd/jialin/climate/oceanTemps.hdf5,temperatures,1487548,1489664
/global/cscratch1/sd/jialin/climate/oceanTemps.hdf5,temperatures,1489664,1491780
/global/cscratch1/sd/jialin/climate/oceanTemps.hdf5,temperatures,1491780,1493896
/global/cscratch1/sd/jialin/climate/oceanTemps.hdf5,temperatures,1493896,1496012
/global/cscratch1/sd/jialin/climate/oceanTemps.hdf5,temperatures,1496012,1498128
/global/cscratch1/sd/jialin/climate/oceanTemps.hdf5,temperatures,1498128,1500244
/global/cscratch1/sd/jialin/climate/oceanTemps.hdf5,temperatures,1500244,1502360
/global/cscratch1/sd/jialin/climate/oceanTemps.hdf5,temperatures,1502360,1504476
/global/cscratch1/sd/jialin/climate/oceanTemps.hdf5,temperatures,1504476,1506592
/global/cscratch1/sd/jialin/climate/oceanTemps.hdf5,temperatures,1506592,1508708
/global/cscratch1/sd/jialin/climate/oceanTemps.hdf5,temperatures,1508708,1510824
/global/cscratch1/sd/jialin/climate/oceanTemps.hdf5,temperatures,1510824,1512940
/global/cscratch1/sd/jialin/climate/oceanTemps.hdf5,temperatures,1512940,1515056
/global/cscratch1/sd/jialin/climate/oceanTemps.hdf5,temperatures,1515056,1517172
/global/cscratch1/sd/jialin/climate/oceanTemps.hdf5,temperatures,1517172,1519288
/global/cscratch1/sd/jialin/climate/oceanTemps.hdf5,temperatures,1519288,1521404
/global/cscratch1/sd/jialin/climate/oceanTemps.hdf5,temperatures,1521404,1523520
/global/cscratch1/sd/jialin/climate/oceanTemps.hdf5,temperatures,1523520,1525636
/global/cscratch1/sd/jialin/climate/oceanTemps.hdf5,temperatures,1525636,1527752
/global/cscratch1/sd/jialin/climate/oceanTemps.hdf5,temperatures,1527752,1529868
/global/cscratch1/sd/jialin/climate/oceanTemps.hdf5,temperatures,1529868,1531984
/global/cscratch1/sd/jialin/climate/oceanTemps.hdf5,temperatures,1531984,1534100
/global/cscratch1/sd/jialin/climate/oceanTemps.hdf5,temperatures,1534100,1536216
/global/cscratch1/sd/jialin/climate/oceanTemps.hdf5,temperatures,1536216,1538332
/global/cscratch1/sd/jialin/climate/oceanTemps.hdf5,temperatures,1538332,1540448
/global/cscratch1/sd/jialin/climate/oceanTemps.hdf5,temperatures,1540448,1542564
/global/cscratch1/sd/jialin/climate/oceanTemps.hdf5,temperatures,1542564,1544680
/global/cscratch1/sd/jialin/climate/oceanTemps.hdf5,temperatures,1544680,1546796
/global/cscratch1/sd/jialin/climate/oceanTemps.hdf5,temperatures,1546796,1548912
/global/cscratch1/sd/jialin/climate/oceanTemps.hdf5,temperatures,1548912,1551028
/global/cscratch1/sd/jialin/climate/oceanTemps.hdf5,temperatures,1551028,1553144
/global/cscratch1/sd/jialin/climate/oceanTemps.hdf5,temperatures,1553144,1555260
/global/cscratch1/sd/jialin/climate/oceanTemps.hdf5,temperatures,1555260,1557376
/global/cscratch1/sd/jialin/climate/oceanTemps.hdf5,temperatures,1557376,1559492
/global/cscratch1/sd/jialin/climate/oceanTemps.hdf5,temperatures,1559492,1561608
/global/cscratch1/sd/jialin/climate/oceanTemps.hdf5,temperatures,1561608,1563724
/global/cscratch1/sd/jialin/climate/oceanTemps.hdf5,temperatures,1563724,1565840
/global/cscratch1/sd/jialin/climate/oceanTemps.hdf5,temperatures,1565840,1567956
/global/cscratch1/sd/jialin/climate/oceanTemps.hdf5,temperatures,1567956,1570072
/global/cscratch1/sd/jialin/climate/oceanTemps.hdf5,temperatures,1570072,1572188
/global/cscratch1/sd/jialin/climate/oceanTemps.hdf5,temperatures,1572188,1574304
/global/cscratch1/sd/jialin/climate/oceanTemps.hdf5,temperatures,1574304,1576420
/global/cscratch1/sd/jialin/climate/oceanTemps.hdf5,temperatures,1576420,1578536
/global/cscratch1/sd/jialin/climate/oceanTemps.hdf5,temperatures,1578536,1580652
/global/cscratch1/sd/jialin/climate/oceanTemps.hdf5,temperatures,1580652,1582768
/global/cscratch1/sd/jialin/climate/oceanTemps.hdf5,temperatures,1582768,1584884
/global/cscratch1/sd/jialin/climate/oceanTemps.hdf5,temperatures,1584884,1587000
/global/cscratch1/sd/jialin/climate/oceanTemps.hdf5,temperatures,1587000,1589116
/global/cscratch1/sd/jialin/climate/oceanTemps.hdf5,temperatures,1589116,1591232
/global/cscratch1/sd/jialin/climate/oceanTemps.hdf5,temperatures,1591232,1593348
/global/cscratch1/sd/jialin/climate/oceanTemps.hdf5,temperatures,1593348,1595464
/global/cscratch1/sd/jialin/climate/oceanTemps.hdf5,temperatures,1595464,1597580
/global/cscratch1/sd/jialin/climate/oceanTemps.hdf5,temperatures,1597580,1599696
/global/cscratch1/sd/jialin/climate/oceanTemps.hdf5,temperatures,1599696,1601812
/global/cscratch1/sd/jialin/climate/oceanTemps.hdf5,temperatures,1601812,1603928
/global/cscratch1/sd/jialin/climate/oceanTemps.hdf5,temperatures,1603928,1606044
/global/cscratch1/sd/jialin/climate/oceanTemps.hdf5,temperatures,1606044,1608160
/global/cscratch1/sd/jialin/climate/oceanTemps.hdf5,temperatures,1608160,1610276
/global/cscratch1/sd/jialin/climate/oceanTemps.hdf5,temperatures,1610276,1612392
/global/cscratch1/sd/jialin/climate/oceanTemps.hdf5,temperatures,1612392,1614508
/global/cscratch1/sd/jialin/climate/oceanTemps.hdf5,temperatures,1614508,1616624
/global/cscratch1/sd/jialin/climate/oceanTemps.hdf5,temperatures,1616624,1618740
/global/cscratch1/sd/jialin/climate/oceanTemps.hdf5,temperatures,1618740,1620856
/global/cscratch1/sd/jialin/climate/oceanTemps.hdf5,temperatures,1620856,1622972
/global/cscratch1/sd/jialin/climate/oceanTemps.hdf5,temperatures,1622972,1625088
/global/cscratch1/sd/jialin/climate/oceanTemps.hdf5,temperatures,1625088,1627204
/global/cscratch1/sd/jialin/climate/oceanTemps.hdf5,temperatures,1627204,1629320
/global/cscratch1/sd/jialin/climate/oceanTemps.hdf5,temperatures,1629320,1631436
/global/cscratch1/sd/jialin/climate/oceanTemps.hdf5,temperatures,1631436,1633552
/global/cscratch1/sd/jialin/climate/oceanTemps.hdf5,temperatures,1633552,1635668
/global/cscratch1/sd/jialin/climate/oceanTemps.hdf5,temperatures,1635668,1637784
/global/cscratch1/sd/jialin/climate/oceanTemps.hdf5,temperatures,1637784,1639900
/global/cscratch1/sd/jialin/climate/oceanTemps.hdf5,temperatures,1639900,1642016
/global/cscratch1/sd/jialin/climate/oceanTemps.hdf5,temperatures,1642016,1644132
/global/cscratch1/sd/jialin/climate/oceanTemps.hdf5,temperatures,1644132,1646248
/global/cscratch1/sd/jialin/climate/oceanTemps.hdf5,temperatures,1646248,1648364
/global/cscratch1/sd/jialin/climate/oceanTemps.hdf5,temperatures,1648364,1650480
/global/cscratch1/sd/jialin/climate/oceanTemps.hdf5,temperatures,1650480,1652596
/global/cscratch1/sd/jialin/climate/oceanTemps.hdf5,temperatures,1652596,1654712
/global/cscratch1/sd/jialin/climate/oceanTemps.hdf5,temperatures,1654712,1656828
/global/cscratch1/sd/jialin/climate/oceanTemps.hdf5,temperatures,1656828,1658944
/global/cscratch1/sd/jialin/climate/oceanTemps.hdf5,temperatures,1658944,1661060
/global/cscratch1/sd/jialin/climate/oceanTemps.hdf5,temperatures,1661060,1663176
/global/cscratch1/sd/jialin/climate/oceanTemps.hdf5,temperatures,1663176,1665292
/global/cscratch1/sd/jialin/climate/oceanTemps.hdf5,temperatures,1665292,1667408
/global/cscratch1/sd/jialin/climate/oceanTemps.hdf5,temperatures,1667408,1669524
/global/cscratch1/sd/jialin/climate/oceanTemps.hdf5,temperatures,1669524,1671640
/global/cscratch1/sd/jialin/climate/oceanTemps.hdf5,temperatures,1671640,1673756
/global/cscratch1/sd/jialin/climate/oceanTemps.hdf5,temperatures,1673756,1675872
/global/cscratch1/sd/jialin/climate/oceanTemps.hdf5,temperatures,1675872,1677988
/global/cscratch1/sd/jialin/climate/oceanTemps.hdf5,temperatures,1677988,1680104
/global/cscratch1/sd/jialin/climate/oceanTemps.hdf5,temperatures,1680104,1682220
/global/cscratch1/sd/jialin/climate/oceanTemps.hdf5,temperatures,1682220,1684336
/global/cscratch1/sd/jialin/climate/oceanTemps.hdf5,temperatures,1684336,1686452
/global/cscratch1/sd/jialin/climate/oceanTemps.hdf5,temperatures,1686452,1688568
/global/cscratch1/sd/jialin/climate/oceanTemps.hdf5,temperatures,1688568,1690684
/global/cscratch1/sd/jialin/climate/oceanTemps.hdf5,temperatures,1690684,1692800
/global/cscratch1/sd/jialin/climate/oceanTemps.hdf5,temperatures,1692800,1694916
/global/cscratch1/sd/jialin/climate/oceanTemps.hdf5,temperatures,1694916,1697032
/global/cscratch1/sd/jialin/climate/oceanTemps.hdf5,temperatures,1697032,1699148
/global/cscratch1/sd/jialin/climate/oceanTemps.hdf5,temperatures,1699148,1701264
/global/cscratch1/sd/jialin/climate/oceanTemps.hdf5,temperatures,1701264,1703380
/global/cscratch1/sd/jialin/climate/oceanTemps.hdf5,temperatures,1703380,1705496
/global/cscratch1/sd/jialin/climate/oceanTemps.hdf5,temperatures,1705496,1707612
/global/cscratch1/sd/jialin/climate/oceanTemps.hdf5,temperatures,1707612,1709728
/global/cscratch1/sd/jialin/climate/oceanTemps.hdf5,temperatures,1709728,1711844
/global/cscratch1/sd/jialin/climate/oceanTemps.hdf5,temperatures,1711844,1713960
/global/cscratch1/sd/jialin/climate/oceanTemps.hdf5,temperatures,1713960,1716076
/global/cscratch1/sd/jialin/climate/oceanTemps.hdf5,temperatures,1716076,1718192
/global/cscratch1/sd/jialin/climate/oceanTemps.hdf5,temperatures,1718192,1720308
/global/cscratch1/sd/jialin/climate/oceanTemps.hdf5,temperatures,1720308,1722424
/global/cscratch1/sd/jialin/climate/oceanTemps.hdf5,temperatures,1722424,1724540
/global/cscratch1/sd/jialin/climate/oceanTemps.hdf5,temperatures,1724540,1726656
/global/cscratch1/sd/jialin/climate/oceanTemps.hdf5,temperatures,1726656,1728772
/global/cscratch1/sd/jialin/climate/oceanTemps.hdf5,temperatures,1728772,1730888
/global/cscratch1/sd/jialin/climate/oceanTemps.hdf5,temperatures,1730888,1733004
/global/cscratch1/sd/jialin/climate/oceanTemps.hdf5,temperatures,1733004,1735120
/global/cscratch1/sd/jialin/climate/oceanTemps.hdf5,temperatures,1735120,1737236
/global/cscratch1/sd/jialin/climate/oceanTemps.hdf5,temperatures,1737236,1739352
/global/cscratch1/sd/jialin/climate/oceanTemps.hdf5,temperatures,1739352,1741468
/global/cscratch1/sd/jialin/climate/oceanTemps.hdf5,temperatures,1741468,1743584
/global/cscratch1/sd/jialin/climate/oceanTemps.hdf5,temperatures,1743584,1745700
/global/cscratch1/sd/jialin/climate/oceanTemps.hdf5,temperatures,1745700,1747816
/global/cscratch1/sd/jialin/climate/oceanTemps.hdf5,temperatures,1747816,1749932
/global/cscratch1/sd/jialin/climate/oceanTemps.hdf5,temperatures,1749932,1752048
/global/cscratch1/sd/jialin/climate/oceanTemps.hdf5,temperatures,1752048,1754164
/global/cscratch1/sd/jialin/climate/oceanTemps.hdf5,temperatures,1754164,1756280
/global/cscratch1/sd/jialin/climate/oceanTemps.hdf5,temperatures,1756280,1758396
/global/cscratch1/sd/jialin/climate/oceanTemps.hdf5,temperatures,1758396,1760512
/global/cscratch1/sd/jialin/climate/oceanTemps.hdf5,temperatures,1760512,1762628
/global/cscratch1/sd/jialin/climate/oceanTemps.hdf5,temperatures,1762628,1764744
/global/cscratch1/sd/jialin/climate/oceanTemps.hdf5,temperatures,1764744,1766860
/global/cscratch1/sd/jialin/climate/oceanTemps.hdf5,temperatures,1766860,1768976
/global/cscratch1/sd/jialin/climate/oceanTemps.hdf5,temperatures,1768976,1771092
/global/cscratch1/sd/jialin/climate/oceanTemps.hdf5,temperatures,1771092,1773208
/global/cscratch1/sd/jialin/climate/oceanTemps.hdf5,temperatures,1773208,1775324
/global/cscratch1/sd/jialin/climate/oceanTemps.hdf5,temperatures,1775324,1777440
/global/cscratch1/sd/jialin/climate/oceanTemps.hdf5,temperatures,1777440,1779556
/global/cscratch1/sd/jialin/climate/oceanTemps.hdf5,temperatures,1779556,1781672
/global/cscratch1/sd/jialin/climate/oceanTemps.hdf5,temperatures,1781672,1783788
/global/cscratch1/sd/jialin/climate/oceanTemps.hdf5,temperatures,1783788,1785904
/global/cscratch1/sd/jialin/climate/oceanTemps.hdf5,temperatures,1785904,1788020
/global/cscratch1/sd/jialin/climate/oceanTemps.hdf5,temperatures,1788020,1790136
/global/cscratch1/sd/jialin/climate/oceanTemps.hdf5,temperatures,1790136,1792252
/global/cscratch1/sd/jialin/climate/oceanTemps.hdf5,temperatures,1792252,1794368
/global/cscratch1/sd/jialin/climate/oceanTemps.hdf5,temperatures,1794368,1796484
/global/cscratch1/sd/jialin/climate/oceanTemps.hdf5,temperatures,1796484,1798600
/global/cscratch1/sd/jialin/climate/oceanTemps.hdf5,temperatures,1798600,1800716
/global/cscratch1/sd/jialin/climate/oceanTemps.hdf5,temperatures,1800716,1802832
/global/cscratch1/sd/jialin/climate/oceanTemps.hdf5,temperatures,1802832,1804948
/global/cscratch1/sd/jialin/climate/oceanTemps.hdf5,temperatures,1804948,1807064
/global/cscratch1/sd/jialin/climate/oceanTemps.hdf5,temperatures,1807064,1809180
/global/cscratch1/sd/jialin/climate/oceanTemps.hdf5,temperatures,1809180,1811296
/global/cscratch1/sd/jialin/climate/oceanTemps.hdf5,temperatures,1811296,1813412
/global/cscratch1/sd/jialin/climate/oceanTemps.hdf5,temperatures,1813412,1815528
/global/cscratch1/sd/jialin/climate/oceanTemps.hdf5,temperatures,1815528,1817644
/global/cscratch1/sd/jialin/climate/oceanTemps.hdf5,temperatures,1817644,1819760
/global/cscratch1/sd/jialin/climate/oceanTemps.hdf5,temperatures,1819760,1821876
/global/cscratch1/sd/jialin/climate/oceanTemps.hdf5,temperatures,1821876,1823992
/global/cscratch1/sd/jialin/climate/oceanTemps.hdf5,temperatures,1823992,1826108
/global/cscratch1/sd/jialin/climate/oceanTemps.hdf5,temperatures,1826108,1828224
/global/cscratch1/sd/jialin/climate/oceanTemps.hdf5,temperatures,1828224,1830340
/global/cscratch1/sd/jialin/climate/oceanTemps.hdf5,temperatures,1830340,1832456
/global/cscratch1/sd/jialin/climate/oceanTemps.hdf5,temperatures,1832456,1834572
/global/cscratch1/sd/jialin/climate/oceanTemps.hdf5,temperatures,1834572,1836688
/global/cscratch1/sd/jialin/climate/oceanTemps.hdf5,temperatures,1836688,1838804
/global/cscratch1/sd/jialin/climate/oceanTemps.hdf5,temperatures,1838804,1840920
/global/cscratch1/sd/jialin/climate/oceanTemps.hdf5,temperatures,1840920,1843036
/global/cscratch1/sd/jialin/climate/oceanTemps.hdf5,temperatures,1843036,1845152
/global/cscratch1/sd/jialin/climate/oceanTemps.hdf5,temperatures,1845152,1847268
/global/cscratch1/sd/jialin/climate/oceanTemps.hdf5,temperatures,1847268,1849384
/global/cscratch1/sd/jialin/climate/oceanTemps.hdf5,temperatures,1849384,1851500
/global/cscratch1/sd/jialin/climate/oceanTemps.hdf5,temperatures,1851500,1853616
/global/cscratch1/sd/jialin/climate/oceanTemps.hdf5,temperatures,1853616,1855732
/global/cscratch1/sd/jialin/climate/oceanTemps.hdf5,temperatures,1855732,1857848
/global/cscratch1/sd/jialin/climate/oceanTemps.hdf5,temperatures,1857848,1859964
/global/cscratch1/sd/jialin/climate/oceanTemps.hdf5,temperatures,1859964,1862080
/global/cscratch1/sd/jialin/climate/oceanTemps.hdf5,temperatures,1862080,1864196
/global/cscratch1/sd/jialin/climate/oceanTemps.hdf5,temperatures,1864196,1866312
/global/cscratch1/sd/jialin/climate/oceanTemps.hdf5,temperatures,1866312,1868428
/global/cscratch1/sd/jialin/climate/oceanTemps.hdf5,temperatures,1868428,1870544
/global/cscratch1/sd/jialin/climate/oceanTemps.hdf5,temperatures,1870544,1872660
/global/cscratch1/sd/jialin/climate/oceanTemps.hdf5,temperatures,1872660,1874776
/global/cscratch1/sd/jialin/climate/oceanTemps.hdf5,temperatures,1874776,1876892
/global/cscratch1/sd/jialin/climate/oceanTemps.hdf5,temperatures,1876892,1879008
/global/cscratch1/sd/jialin/climate/oceanTemps.hdf5,temperatures,1879008,1881124
/global/cscratch1/sd/jialin/climate/oceanTemps.hdf5,temperatures,1881124,1883240
/global/cscratch1/sd/jialin/climate/oceanTemps.hdf5,temperatures,1883240,1885356
/global/cscratch1/sd/jialin/climate/oceanTemps.hdf5,temperatures,1885356,1887472
/global/cscratch1/sd/jialin/climate/oceanTemps.hdf5,temperatures,1887472,1889588
/global/cscratch1/sd/jialin/climate/oceanTemps.hdf5,temperatures,1889588,1891704
/global/cscratch1/sd/jialin/climate/oceanTemps.hdf5,temperatures,1891704,1893820
/global/cscratch1/sd/jialin/climate/oceanTemps.hdf5,temperatures,1893820,1895936
/global/cscratch1/sd/jialin/climate/oceanTemps.hdf5,temperatures,1895936,1898052
/global/cscratch1/sd/jialin/climate/oceanTemps.hdf5,temperatures,1898052,1900168
/global/cscratch1/sd/jialin/climate/oceanTemps.hdf5,temperatures,1900168,1902284
/global/cscratch1/sd/jialin/climate/oceanTemps.hdf5,temperatures,1902284,1904400
/global/cscratch1/sd/jialin/climate/oceanTemps.hdf5,temperatures,1904400,1906516
/global/cscratch1/sd/jialin/climate/oceanTemps.hdf5,temperatures,1906516,1908632
/global/cscratch1/sd/jialin/climate/oceanTemps.hdf5,temperatures,1908632,1910748
/global/cscratch1/sd/jialin/climate/oceanTemps.hdf5,temperatures,1910748,1912864
/global/cscratch1/sd/jialin/climate/oceanTemps.hdf5,temperatures,1912864,1914980
/global/cscratch1/sd/jialin/climate/oceanTemps.hdf5,temperatures,1914980,1917096
/global/cscratch1/sd/jialin/climate/oceanTemps.hdf5,temperatures,1917096,1919212
/global/cscratch1/sd/jialin/climate/oceanTemps.hdf5,temperatures,1919212,1921328
/global/cscratch1/sd/jialin/climate/oceanTemps.hdf5,temperatures,1921328,1923444
/global/cscratch1/sd/jialin/climate/oceanTemps.hdf5,temperatures,1923444,1925560
/global/cscratch1/sd/jialin/climate/oceanTemps.hdf5,temperatures,1925560,1927676
/global/cscratch1/sd/jialin/climate/oceanTemps.hdf5,temperatures,1927676,1929792
/global/cscratch1/sd/jialin/climate/oceanTemps.hdf5,temperatures,1929792,1931908
/global/cscratch1/sd/jialin/climate/oceanTemps.hdf5,temperatures,1931908,1934024
/global/cscratch1/sd/jialin/climate/oceanTemps.hdf5,temperatures,1934024,1936140
/global/cscratch1/sd/jialin/climate/oceanTemps.hdf5,temperatures,1936140,1938256
/global/cscratch1/sd/jialin/climate/oceanTemps.hdf5,temperatures,1938256,1940372
/global/cscratch1/sd/jialin/climate/oceanTemps.hdf5,temperatures,1940372,1942488
/global/cscratch1/sd/jialin/climate/oceanTemps.hdf5,temperatures,1942488,1944604
/global/cscratch1/sd/jialin/climate/oceanTemps.hdf5,temperatures,1944604,1946720
/global/cscratch1/sd/jialin/climate/oceanTemps.hdf5,temperatures,1946720,1948836
/global/cscratch1/sd/jialin/climate/oceanTemps.hdf5,temperatures,1948836,1950952
/global/cscratch1/sd/jialin/climate/oceanTemps.hdf5,temperatures,1950952,1953068
/global/cscratch1/sd/jialin/climate/oceanTemps.hdf5,temperatures,1953068,1955184
/global/cscratch1/sd/jialin/climate/oceanTemps.hdf5,temperatures,1955184,1957300
/global/cscratch1/sd/jialin/climate/oceanTemps.hdf5,temperatures,1957300,1959416
/global/cscratch1/sd/jialin/climate/oceanTemps.hdf5,temperatures,1959416,1961532
/global/cscratch1/sd/jialin/climate/oceanTemps.hdf5,temperatures,1961532,1963648
/global/cscratch1/sd/jialin/climate/oceanTemps.hdf5,temperatures,1963648,1965764
/global/cscratch1/sd/jialin/climate/oceanTemps.hdf5,temperatures,1965764,1967880
/global/cscratch1/sd/jialin/climate/oceanTemps.hdf5,temperatures,1967880,1969996
/global/cscratch1/sd/jialin/climate/oceanTemps.hdf5,temperatures,1969996,1972112
/global/cscratch1/sd/jialin/climate/oceanTemps.hdf5,temperatures,1972112,1974228
/global/cscratch1/sd/jialin/climate/oceanTemps.hdf5,temperatures,1974228,1976344
/global/cscratch1/sd/jialin/climate/oceanTemps.hdf5,temperatures,1976344,1978460
/global/cscratch1/sd/jialin/climate/oceanTemps.hdf5,temperatures,1978460,1980576
/global/cscratch1/sd/jialin/climate/oceanTemps.hdf5,temperatures,1980576,1982692
/global/cscratch1/sd/jialin/climate/oceanTemps.hdf5,temperatures,1982692,1984808
/global/cscratch1/sd/jialin/climate/oceanTemps.hdf5,temperatures,1984808,1986924
/global/cscratch1/sd/jialin/climate/oceanTemps.hdf5,temperatures,1986924,1989040
/global/cscratch1/sd/jialin/climate/oceanTemps.hdf5,temperatures,1989040,1991156
/global/cscratch1/sd/jialin/climate/oceanTemps.hdf5,temperatures,1991156,1993272
/global/cscratch1/sd/jialin/climate/oceanTemps.hdf5,temperatures,1993272,1995388
/global/cscratch1/sd/jialin/climate/oceanTemps.hdf5,temperatures,1995388,1997504
/global/cscratch1/sd/jialin/climate/oceanTemps.hdf5,temperatures,1997504,1999620
/global/cscratch1/sd/jialin/climate/oceanTemps.hdf5,temperatures,1999620,2001736
/global/cscratch1/sd/jialin/climate/oceanTemps.hdf5,temperatures,2001736,2003852
/global/cscratch1/sd/jialin/climate/oceanTemps.hdf5,temperatures,2003852,2005968
/global/cscratch1/sd/jialin/climate/oceanTemps.hdf5,temperatures,2005968,2008084
/global/cscratch1/sd/jialin/climate/oceanTemps.hdf5,temperatures,2008084,2010200
/global/cscratch1/sd/jialin/climate/oceanTemps.hdf5,temperatures,2010200,2012316
/global/cscratch1/sd/jialin/climate/oceanTemps.hdf5,temperatures,2012316,2014432
/global/cscratch1/sd/jialin/climate/oceanTemps.hdf5,temperatures,2014432,2016548
/global/cscratch1/sd/jialin/climate/oceanTemps.hdf5,temperatures,2016548,2018664
/global/cscratch1/sd/jialin/climate/oceanTemps.hdf5,temperatures,2018664,2020780
/global/cscratch1/sd/jialin/climate/oceanTemps.hdf5,temperatures,2020780,2022896
/global/cscratch1/sd/jialin/climate/oceanTemps.hdf5,temperatures,2022896,2025012
/global/cscratch1/sd/jialin/climate/oceanTemps.hdf5,temperatures,2025012,2027128
/global/cscratch1/sd/jialin/climate/oceanTemps.hdf5,temperatures,2027128,2029244
/global/cscratch1/sd/jialin/climate/oceanTemps.hdf5,temperatures,2029244,2031360
/global/cscratch1/sd/jialin/climate/oceanTemps.hdf5,temperatures,2031360,2033476
/global/cscratch1/sd/jialin/climate/oceanTemps.hdf5,temperatures,2033476,2035592
/global/cscratch1/sd/jialin/climate/oceanTemps.hdf5,temperatures,2035592,2037708
/global/cscratch1/sd/jialin/climate/oceanTemps.hdf5,temperatures,2037708,2039824
/global/cscratch1/sd/jialin/climate/oceanTemps.hdf5,temperatures,2039824,2041940
/global/cscratch1/sd/jialin/climate/oceanTemps.hdf5,temperatures,2041940,2044056
/global/cscratch1/sd/jialin/climate/oceanTemps.hdf5,temperatures,2044056,2046172
/global/cscratch1/sd/jialin/climate/oceanTemps.hdf5,temperatures,2046172,2048288
/global/cscratch1/sd/jialin/climate/oceanTemps.hdf5,temperatures,2048288,2050404
/global/cscratch1/sd/jialin/climate/oceanTemps.hdf5,temperatures,2050404,2052520
/global/cscratch1/sd/jialin/climate/oceanTemps.hdf5,temperatures,2052520,2054636
/global/cscratch1/sd/jialin/climate/oceanTemps.hdf5,temperatures,2054636,2056752
/global/cscratch1/sd/jialin/climate/oceanTemps.hdf5,temperatures,2056752,2058868
/global/cscratch1/sd/jialin/climate/oceanTemps.hdf5,temperatures,2058868,2060984
/global/cscratch1/sd/jialin/climate/oceanTemps.hdf5,temperatures,2060984,2063100
/global/cscratch1/sd/jialin/climate/oceanTemps.hdf5,temperatures,2063100,2065216
/global/cscratch1/sd/jialin/climate/oceanTemps.hdf5,temperatures,2065216,2067332
/global/cscratch1/sd/jialin/climate/oceanTemps.hdf5,temperatures,2067332,2069448
/global/cscratch1/sd/jialin/climate/oceanTemps.hdf5,temperatures,2069448,2071564
/global/cscratch1/sd/jialin/climate/oceanTemps.hdf5,temperatures,2071564,2073680
/global/cscratch1/sd/jialin/climate/oceanTemps.hdf5,temperatures,2073680,2075796
/global/cscratch1/sd/jialin/climate/oceanTemps.hdf5,temperatures,2075796,2077912
/global/cscratch1/sd/jialin/climate/oceanTemps.hdf5,temperatures,2077912,2080028
/global/cscratch1/sd/jialin/climate/oceanTemps.hdf5,temperatures,2080028,2082144
/global/cscratch1/sd/jialin/climate/oceanTemps.hdf5,temperatures,2082144,2084260
/global/cscratch1/sd/jialin/climate/oceanTemps.hdf5,temperatures,2084260,2086376
/global/cscratch1/sd/jialin/climate/oceanTemps.hdf5,temperatures,2086376,2088492
/global/cscratch1/sd/jialin/climate/oceanTemps.hdf5,temperatures,2088492,2090608
/global/cscratch1/sd/jialin/climate/oceanTemps.hdf5,temperatures,2090608,2092724
/global/cscratch1/sd/jialin/climate/oceanTemps.hdf5,temperatures,2092724,2094840
/global/cscratch1/sd/jialin/climate/oceanTemps.hdf5,temperatures,2094840,2096956
/global/cscratch1/sd/jialin/climate/oceanTemps.hdf5,temperatures,2096956,2099072
/global/cscratch1/sd/jialin/climate/oceanTemps.hdf5,temperatures,2099072,2101188
/global/cscratch1/sd/jialin/climate/oceanTemps.hdf5,temperatures,2101188,2103304
/global/cscratch1/sd/jialin/climate/oceanTemps.hdf5,temperatures,2103304,2105420
/global/cscratch1/sd/jialin/climate/oceanTemps.hdf5,temperatures,2105420,2107536
/global/cscratch1/sd/jialin/climate/oceanTemps.hdf5,temperatures,2107536,2109652
/global/cscratch1/sd/jialin/climate/oceanTemps.hdf5,temperatures,2109652,2111768
/global/cscratch1/sd/jialin/climate/oceanTemps.hdf5,temperatures,2111768,2113884
/global/cscratch1/sd/jialin/climate/oceanTemps.hdf5,temperatures,2113884,2116000
